,location,location_name,super_region_name,region_name,year,mean,global_rank,super_region_rank
0,AFG,Afghanistan,South Asia,South Asia,1990,0.133,106.5,1.0
90,BGD,Bangladesh,South Asia,South Asia,1990,0.021,184.0,5.0
156,BTN,Bhutan,South Asia,South Asia,1990,0.124,111.0,2.0
462,IND,India,South Asia,South Asia,1990,0.033,170.0,4.0
762,NPL,Nepal,South Asia,South Asia,1990,0.018,186.0,6.0
780,PAK,Pakistan,South Asia,South Asia,1990,0.112,121.0,3.0
6,AGO,Angola,Sub-Saharan Africa,Central Sub-Saharan Africa,1990,0.116,117.0,11.0
66,BDI,Burundi,Sub-Saharan Africa,Eastern Sub-Saharan Africa,1990,0.029,177.0,45.0
78,BEN,Benin,Sub-Saharan Africa,Western Sub-Saharan Africa,1990,0.053,155.0,32.0
84,BFA,Burkina Faso,Sub-Saharan Africa,Western Sub-Saharan Africa,1990,0.039,165.0,37.0
162,BWA,Botswana,Sub-Saharan Africa,Southern Sub-Saharan Africa,1990,0.149,87.0,6.0
168,CAF,Central African Republic,Sub-Saharan Africa,Central Sub-Saharan Africa,1990,0.065,150.0,29.0
198,CIV,Cote d'Ivoire,Sub-Saharan Africa,Western Sub-Saharan Africa,1990,0.035,168.5,39.0
204,CMR,Cameroon,Sub-Saharan Africa,Western Sub-Saharan Africa,1990,0.099,131.5,15.5
210,COD,Democratic Republic of the Congo,Sub-Saharan Africa,Central Sub-Saharan Africa,1990,0.04,163.5,36.0
216,COG,Congo,Sub-Saharan Africa,Central Sub-Saharan Africa,1990,0.113,120.0,12.0
228,COM,Comoros,Sub-Saharan Africa,Eastern Sub-Saharan Africa,1990,0.098,133.5,17.5
234,CPV,Cape Verde,Sub-Saharan Africa,Western Sub-Saharan Africa,1990,0.096,136.0,19.0
270,DJI,Djibouti,Sub-Saharan Africa,Eastern Sub-Saharan Africa,1990,0.098,133.5,17.5
312,ERI,Eritrea,Sub-Saharan Africa,Eastern Sub-Saharan Africa,1990,0.032,172.0,41.0
330,ETH,Ethiopia,Sub-Saharan Africa,Eastern Sub-Saharan Africa,1990,0.021,184.0,48.0
360,GAB,Gabon,Sub-Saharan Africa,Central Sub-Saharan Africa,1990,0.134,105.0,9.0
378,GHA,Ghana,Sub-Saharan Africa,Western Sub-Saharan Africa,1990,0.048,158.0,34.0
384,GIN,Guinea,Sub-Saharan Africa,Western Sub-Saharan Africa,1990,0.043,161.0,35.0
390,GMB,The Gambia,Sub-Saharan Africa,Western Sub-Saharan Africa,1990,0.094,137.5,20.5
396,GNB,Guinea-Bissau,Sub-Saharan Africa,Western Sub-Saharan Africa,1990,0.101,129.0,14.0
402,GNQ,Equatorial Guinea,Sub-Saharan Africa,Central Sub-Saharan Africa,1990,0.263,17.0,1.0
528,KEN,Kenya,Sub-Saharan Africa,Eastern Sub-Saharan Africa,1990,0.09,139.0,22.0
576,LBR,Liberia,Sub-Saharan Africa,Western Sub-Saharan Africa,1990,0.138,101.5,8.0
600,LSO,Lesotho,Sub-Saharan Africa,Southern Sub-Saharan Africa,1990,0.166,66.0,5.0
636,MDG,Madagascar,Sub-Saharan Africa,Eastern Sub-Saharan Africa,1990,0.028,178.5,46.0
666,MLI,Mali,Sub-Saharan Africa,Western Sub-Saharan Africa,1990,0.069,147.0,28.0
696,MOZ,Mozambique,Sub-Saharan Africa,Eastern Sub-Saharan Africa,1990,0.049,157.0,33.0
702,MRT,Mauritania,Sub-Saharan Africa,Western Sub-Saharan Africa,1990,0.145,92.0,7.0
708,MUS,Mauritius,Sub-Saharan Africa,Eastern Sub-Saharan Africa,1990,0.105,126.0,13.0
714,MWI,Malawi,Sub-Saharan Africa,Eastern Sub-Saharan Africa,1990,0.032,172.0,41.0
726,NAM,Namibia,Sub-Saharan Africa,Southern Sub-Saharan Africa,1990,0.088,141.0,23.0
732,NER,Niger,Sub-Saharan Africa,Western Sub-Saharan Africa,1990,0.031,174.5,43.5
738,NGA,Nigeria,Sub-Saharan Africa,Western Sub-Saharan Africa,1990,0.063,152.5,30.5
858,RWA,Rwanda,Sub-Saharan Africa,Eastern Sub-Saharan Africa,1990,0.023,181.0,47.0
876,SEN,Senegal,Sub-Saharan Africa,Western Sub-Saharan Africa,1990,0.099,131.5,15.5
894,SLE,Sierra Leone,Sub-Saharan Africa,Western Sub-Saharan Africa,1990,0.072,146.0,27.0
906,SOM,Somalia,Sub-Saharan Africa,Eastern Sub-Saharan Africa,1990,0.094,137.5,20.5
918,SSD,South Sudan,Sub-Saharan Africa,Eastern Sub-Saharan Africa,1990,0.198,41.0,4.0
924,STP,Sao Tome and Principe,Sub-Saharan Africa,Western Sub-Saharan Africa,1990,0.087,142.0,24.0
954,SWZ,Swaziland,Sub-Saharan Africa,Southern Sub-Saharan Africa,1990,0.237,25.0,2.0
960,SYC,Seychelles,Sub-Saharan Africa,Eastern Sub-Saharan Africa,1990,0.131,108.0,10.0
972,TCD,Chad,Sub-Saharan Africa,Western Sub-Saharan Africa,1990,0.032,172.0,41.0
978,TGO,Togo,Sub-Saharan Africa,Western Sub-Saharan Africa,1990,0.036,167.0,38.0
1038,TZA,Tanzania,Sub-Saharan Africa,Eastern Sub-Saharan Africa,1990,0.063,152.5,30.5
1044,UGA,Uganda,Sub-Saharan Africa,Eastern Sub-Saharan Africa,1990,0.031,174.5,43.5
1110,ZAF,South Africa,Sub-Saharan Africa,Southern Sub-Saharan Africa,1990,0.22,33.0,3.0
1116,ZMB,Zambia,Sub-Saharan Africa,Eastern Sub-Saharan Africa,1990,0.074,145.0,26.0
1122,ZWE,Zimbabwe,Sub-Saharan Africa,Southern Sub-Saharan Africa,1990,0.084,143.0,25.0
12,ALB,Albania,"Central Europe, Eastern Europe, and Central Asia",Central Europe,1990,0.076,144.0,29.0
36,ARM,Armenia,"Central Europe, Eastern Europe, and Central Asia",Central Asia,1990,0.152,82.5,18.5
60,AZE,Azerbaijan,"Central Europe, Eastern Europe, and Central Asia",Central Asia,1990,0.136,103.0,24.0
96,BGR,Bulgaria,"Central Europe, Eastern Europe, and Central Asia",Central Europe,1990,0.219,34.5,3.0
114,BIH,Bosnia and Herzegovina,"Central Europe, Eastern Europe, and Central Asia",Central Europe,1990,0.146,90.0,21.0
120,BLR,Belarus,"Central Europe, Eastern Europe, and Central Asia",Eastern Europe,1990,0.107,125.0,27.0
258,CZE,Czech Republic,"Central Europe, Eastern Europe, and Central Asia",Central Europe,1990,0.181,57.0,10.0
324,EST,Estonia,"Central Europe, Eastern Europe, and Central Asia",Eastern Europe,1990,0.184,54.0,9.0
372,GEO,Georgia,"Central Europe, Eastern Europe, and Central Asia",Central Asia,1990,0.138,101.5,23.0
438,HRV,Croatia,"Central Europe, Eastern Europe, and Central Asia",Central Europe,1990,0.152,82.5,18.5
450,HUN,Hungary,"Central Europe, Eastern Europe, and Central Asia",Central Europe,1990,0.243,22.5,1.0
522,KAZ,Kazakhstan,"Central Europe, Eastern Europe, and Central Asia",Central Asia,1990,0.172,61.0,12.0
534,KGZ,Kyrgyzstan,"Central Europe, Eastern Europe, and Central Asia",Central Asia,1990,0.14,98.0,22.0
606,LTU,Lithuania,"Central Europe, Eastern Europe, and Central Asia",Eastern Europe,1990,0.178,58.0,11.0
618,LVA,Latvia,"Central Europe, Eastern Europe, and Central Asia",Eastern Europe,1990,0.222,31.0,2.0
630,MDA,Moldova,"Central Europe, Eastern Europe, and Central Asia",Eastern Europe,1990,0.192,44.5,4.5
660,MKD,Macedonia,"Central Europe, Eastern Europe, and Central Asia",Central Europe,1990,0.159,71.5,15.0
684,MNE,Montenegro,"Central Europe, Eastern Europe, and Central Asia",Central Europe,1990,0.187,48.5,6.5
690,MNG,Mongolia,"Central Europe, Eastern Europe, and Central Asia",Central Asia,1990,0.114,119.0,26.0
810,POL,Poland,"Central Europe, Eastern Europe, and Central Asia",Central Europe,1990,0.186,51.0,8.0
846,ROU,Romania,"Central Europe, Eastern Europe, and Central Asia",Central Europe,1990,0.154,79.5,16.5
852,RUS,Russia,"Central Europe, Eastern Europe, and Central Asia",Eastern Europe,1990,0.171,62.0,13.0
912,SRB,Serbia,"Central Europe, Eastern Europe, and Central Asia",Central Europe,1990,0.15,84.5,20.0
936,SVK,Slovakia,"Central Europe, Eastern Europe, and Central Asia",Central Europe,1990,0.192,44.5,4.5
942,SVN,Slovenia,"Central Europe, Eastern Europe, and Central Asia",Central Europe,1990,0.161,68.5,14.0
990,TJK,Tajikistan,"Central Europe, Eastern Europe, and Central Asia",Central Asia,1990,0.102,127.5,28.0
996,TKM,Turkmenistan,"Central Europe, Eastern Europe, and Central Asia",Central Asia,1990,0.154,79.5,16.5
1050,UKR,Ukraine,"Central Europe, Eastern Europe, and Central Asia",Eastern Europe,1990,0.187,48.5,6.5
1068,UZB,Uzbekistan,"Central Europe, Eastern Europe, and Central Asia",Central Asia,1990,0.119,114.5,25.0
18,AND,Andorra,High-income,Western Europe,1990,0.067,148.0,29.0
30,ARG,Argentina,High-income,Southern Latin America,1990,0.211,38.0,7.0
48,AUS,Australia,High-income,Australasia,1990,0.156,76.0,20.0
54,AUT,Austria,High-income,Western Europe,1990,0.135,104.0,27.0
72,BEL,Belgium,High-income,Western Europe,1990,0.169,63.5,14.5
150,BRN,Brunei,High-income,High-income Asia Pacific,1990,0.028,178.5,32.0
174,CAN,Canada,High-income,High-income North America,1990,0.167,65.0,16.0
180,CHE,Switzerland,High-income,Western Europe,1990,0.145,92.0,24.0
186,CHL,Chile,High-income,Southern Latin America,1990,0.222,31.0,4.0
252,CYP,Cyprus,High-income,Western Europe,1990,0.226,28.0,2.0
264,DEU,Germany,High-income,Western Europe,1990,0.182,56.0,12.0
282,DNK,Denmark,High-income,Western Europe,1990,0.142,97.0,26.0
318,ESP,Spain,High-income,Western Europe,1990,0.184,54.0,11.0
336,FIN,Finland,High-income,Western Europe,1990,0.169,63.5,14.5
348,FRA,France,High-income,Western Europe,1990,0.157,74.0,18.5
366,GBR,United Kingdom,High-income,Western Europe,1990,0.149,87.0,23.0
408,GRC,Greece,High-income,Western Europe,1990,0.173,60.0,13.0
468,IRL,Ireland,High-income,Western Europe,1990,0.157,74.0,18.5
486,ISL,Iceland,High-income,Western Europe,1990,0.217,36.0,6.0
492,ISR,Israel,High-income,Western Europe,1990,0.195,42.5,8.0
498,ITA,Italy,High-income,Western Europe,1990,0.154,79.5,22.0
516,JPN,Japan,High-income,High-income Asia Pacific,1990,0.022,182.0,33.0
552,KOR,South Korea,High-income,High-income Asia Pacific,1990,0.056,154.0,31.0
612,LUX,Luxembourg,High-income,Western Europe,1990,0.191,46.0,9.0
672,MLT,Malta,High-income,Western Europe,1990,0.24,24.0,1.0
750,NLD,Netherlands,High-income,Western Europe,1990,0.133,106.5,28.0
756,NOR,Norway,High-income,Western Europe,1990,0.144,94.5,25.0
768,NZL,New Zealand,High-income,Australasia,1990,0.161,68.5,17.0
822,PRT,Portugal,High-income,Western Europe,1990,0.186,51.0,10.0
882,SGP,Singapore,High-income,High-income Asia Pacific,1990,0.065,150.0,30.0
948,SWE,Sweden,High-income,Western Europe,1990,0.155,77.0,21.0
1056,URY,Uruguay,High-income,Southern Latin America,1990,0.224,29.0,3.0
1062,USA,United States,High-income,High-income North America,1990,0.219,34.5,5.0
24,ARE,United Arab Emirates,North Africa and Middle East,North Africa and Middle East,1990,0.276,13.0,6.0
102,BHR,Bahrain,North Africa and Middle East,North Africa and Middle East,1990,0.261,18.0,9.0
294,DZA,Algeria,North Africa and Middle East,North Africa and Middle East,1990,0.139,99.5,18.0
306,EGY,Egypt,North Africa and Middle East,North Africa and Middle East,1990,0.288,12.0,5.0
474,IRN,Iran,North Africa and Middle East,North Africa and Middle East,1990,0.186,51.0,14.0
480,IRQ,Iraq,North Africa and Middle East,North Africa and Middle East,1990,0.256,21.0,11.0
510,JOR,Jordan,North Africa and Middle East,North Africa and Middle East,1990,0.313,8.0,4.0
558,KWT,Kuwait,North Africa and Middle East,North Africa and Middle East,1990,0.346,7.0,3.0
570,LBN,Lebanon,North Africa and Middle East,North Africa and Middle East,1990,0.228,27.0,13.0
582,LBY,Libya,North Africa and Middle East,North Africa and Middle East,1990,0.413,5.0,2.0
624,MAR,Morocco,North Africa and Middle East,North Africa and Middle East,1990,0.159,71.5,16.0
774,OMN,Oman,North Africa and Middle East,North Africa and Middle East,1990,0.164,67.0,15.0
834,PSE,Palestine,North Africa and Middle East,North Africa and Middle East,1990,0.275,14.5,7.0
840,QAT,Qatar,North Africa and Middle East,North Africa and Middle East,1990,0.469,3.0,1.0
864,SAU,Saudi Arabia,North Africa and Middle East,North Africa and Middle East,1990,0.243,22.5,12.0
870,SDN,Sudan,North Africa and Middle East,North Africa and Middle East,1990,0.129,109.0,19.0
966,SYR,Syria,North Africa and Middle East,North Africa and Middle East,1990,0.273,16.0,8.0
1020,TUN,Tunisia,North Africa and Middle East,North Africa and Middle East,1990,0.115,118.0,20.0
1026,TUR,Turkey,North Africa and Middle East,North Africa and Middle East,1990,0.257,20.0,10.0
1104,YEM,Yemen,North Africa and Middle East,North Africa and Middle East,1990,0.143,96.0,17.0
42,ATG,Antigua and Barbuda,Latin America and Caribbean,Caribbean,1990,0.145,92.0,17.0
108,BHS,The Bahamas,Latin America and Caribbean,Caribbean,1990,0.31,9.0,1.0
126,BLZ,Belize,Latin America and Caribbean,Caribbean,1990,0.296,11.0,2.0
132,BOL,Bolivia,Latin America and Caribbean,Andean Latin America,1990,0.126,110.0,20.0
138,BRA,Brazil,Latin America and Caribbean,Tropical Latin America,1990,0.108,123.5,26.0
144,BRB,Barbados,Latin America and Caribbean,Caribbean,1990,0.222,31.0,5.0
222,COL,Colombia,Latin America and Caribbean,Central Latin America,1990,0.109,122.0,25.0
240,CRI,Costa Rica,Latin America and Caribbean,Central Latin America,1990,0.195,42.5,8.0
246,CUB,Cuba,Latin America and Caribbean,Caribbean,1990,0.19,47.0,9.0
276,DMA,Dominica,Latin America and Caribbean,Caribbean,1990,0.216,37.0,6.0
288,DOM,Dominican Republic,Latin America and Caribbean,Caribbean,1990,0.119,114.5,23.0
300,ECU,Ecuador,Latin America and Caribbean,Andean Latin America,1990,0.12,113.0,22.0
414,GRD,Grenada,Latin America and Caribbean,Caribbean,1990,0.15,84.5,14.0
420,GTM,Guatemala,Latin America and Caribbean,Central Latin America,1990,0.102,127.5,27.0
426,GUY,Guyana,Latin America and Caribbean,Caribbean,1990,0.184,54.0,10.0
432,HND,Honduras,Latin America and Caribbean,Central Latin America,1990,0.1,130.0,28.0
444,HTI,Haiti,Latin America and Caribbean,Caribbean,1990,0.065,150.0,29.0
504,JAM,Jamaica,Latin America and Caribbean,Caribbean,1990,0.16,70.0,12.0
588,LCA,Saint Lucia,Latin America and Caribbean,Caribbean,1990,0.147,89.0,16.0
648,MEX,Mexico,Latin America and Caribbean,Central Latin America,1990,0.177,59.0,11.0
744,NIC,Nicaragua,Latin America and Caribbean,Central Latin America,1990,0.154,79.5,13.0
786,PAN,Panama,Latin America and Caribbean,Central Latin America,1990,0.117,116.0,24.0
792,PER,Peru,Latin America and Caribbean,Andean Latin America,1990,0.122,112.0,21.0
828,PRY,Paraguay,Latin America and Caribbean,Tropical Latin America,1990,0.234,26.0,4.0
900,SLV,El Salvador,Latin America and Caribbean,Central Latin America,1990,0.144,94.5,18.0
930,SUR,Suriname,Latin America and Caribbean,Caribbean,1990,0.205,40.0,7.0
1014,TTO,Trinidad and Tobago,Latin America and Caribbean,Caribbean,1990,0.259,19.0,3.0
1074,VCT,Saint Vincent and the Grenadines,Latin America and Caribbean,Caribbean,1990,0.149,87.0,15.0
1080,VEN,Venezuela,Latin America and Caribbean,Central Latin America,1990,0.139,99.5,19.0
192,CHN,China,"Southeast Asia, East Asia, and Oceania",East Asia,1990,0.021,184.0,21.0
342,FJI,Fiji,"Southeast Asia, East Asia, and Oceania",Oceania,1990,0.21,39.0,7.0
354,FSM,Federated States of Micronesia,"Southeast Asia, East Asia, and Oceania",Oceania,1990,0.387,6.0,4.0
456,IDN,Indonesia,"Southeast Asia, East Asia, and Oceania",Southeast Asia,1990,0.03,176.0,19.0
540,KHM,Cambodia,"Southeast Asia, East Asia, and Oceania",Southeast Asia,1990,0.015,187.0,22.0
546,KIR,Kiribati,"Southeast Asia, East Asia, and Oceania",Oceania,1990,0.428,4.0,3.0
564,LAO,Laos,"Southeast Asia, East Asia, and Oceania",Southeast Asia,1990,0.043,161.0,14.5
594,LKA,Sri Lanka,"Southeast Asia, East Asia, and Oceania",Southeast Asia,1990,0.037,166.0,17.0
642,MDV,Maldives,"Southeast Asia, East Asia, and Oceania",Southeast Asia,1990,0.097,135.0,10.0
654,MHL,Marshall Islands,"Southeast Asia, East Asia, and Oceania",Oceania,1990,0.309,10.0,5.0
678,MMR,Myanmar,"Southeast Asia, East Asia, and Oceania",Southeast Asia,1990,0.051,156.0,12.0
720,MYS,Malaysia,"Southeast Asia, East Asia, and Oceania",Southeast Asia,1990,0.108,123.5,9.0
798,PHL,Philippines,"Southeast Asia, East Asia, and Oceania",Southeast Asia,1990,0.035,168.5,18.0
804,PNG,Papua New Guinea,"Southeast Asia, East Asia, and Oceania",Oceania,1990,0.089,140.0,11.0
816,PRK,North Korea,"Southeast Asia, East Asia, and Oceania",East Asia,1990,0.026,180.0,20.0
888,SLB,Solomon Islands,"Southeast Asia, East Asia, and Oceania",Oceania,1990,0.275,14.5,6.0
984,THA,Thailand,"Southeast Asia, East Asia, and Oceania",Southeast Asia,1990,0.043,161.0,14.5
1002,TLS,Timor-Leste,"Southeast Asia, East Asia, and Oceania",Southeast Asia,1990,0.045,159.0,13.0
1008,TON,Tonga,"Southeast Asia, East Asia, and Oceania",Oceania,1990,0.545,1.0,1.0
1032,TWN,Taiwan,"Southeast Asia, East Asia, and Oceania",East Asia,1990,0.04,163.5,16.0
1086,VNM,Vietnam,"Southeast Asia, East Asia, and Oceania",Southeast Asia,1990,0.011,188.0,23.0
1092,VUT,Vanuatu,"Southeast Asia, East Asia, and Oceania",Oceania,1990,0.157,74.0,8.0
1098,WSM,Samoa,"Southeast Asia, East Asia, and Oceania",Oceania,1990,0.517,2.0,2.0
1,AFG,Afghanistan,South Asia,South Asia,1995,0.137,105.0,1.0
91,BGD,Bangladesh,South Asia,South Asia,1995,0.022,184.0,5.0
157,BTN,Bhutan,South Asia,South Asia,1995,0.129,110.5,2.0
463,IND,India,South Asia,South Asia,1995,0.034,171.5,4.0
763,NPL,Nepal,South Asia,South Asia,1995,0.019,186.0,6.0
781,PAK,Pakistan,South Asia,South Asia,1995,0.116,120.0,3.0
7,AGO,Angola,Sub-Saharan Africa,Central Sub-Saharan Africa,1995,0.12,117.0,11.0
67,BDI,Burundi,Sub-Saharan Africa,Eastern Sub-Saharan Africa,1995,0.028,178.0,45.0
79,BEN,Benin,Sub-Saharan Africa,Western Sub-Saharan Africa,1995,0.06,154.5,32.5
85,BFA,Burkina Faso,Sub-Saharan Africa,Western Sub-Saharan Africa,1995,0.045,161.0,35.0
163,BWA,Botswana,Sub-Saharan Africa,Southern Sub-Saharan Africa,1995,0.149,97.0,8.0
169,CAF,Central African Republic,Sub-Saharan Africa,Central Sub-Saharan Africa,1995,0.066,152.0,30.0
199,CIV,Cote d'Ivoire,Sub-Saharan Africa,Western Sub-Saharan Africa,1995,0.042,164.5,37.0
205,CMR,Cameroon,Sub-Saharan Africa,Western Sub-Saharan Africa,1995,0.105,129.5,16.0
211,COD,Democratic Republic of the Congo,Sub-Saharan Africa,Central Sub-Saharan Africa,1995,0.041,166.0,38.0
217,COG,Congo,Sub-Saharan Africa,Central Sub-Saharan Africa,1995,0.113,122.0,12.0
229,COM,Comoros,Sub-Saharan Africa,Eastern Sub-Saharan Africa,1995,0.1,135.0,18.0
235,CPV,Cape Verde,Sub-Saharan Africa,Western Sub-Saharan Africa,1995,0.099,136.0,19.0
271,DJI,Djibouti,Sub-Saharan Africa,Eastern Sub-Saharan Africa,1995,0.104,131.0,17.0
313,ERI,Eritrea,Sub-Saharan Africa,Eastern Sub-Saharan Africa,1995,0.034,171.5,41.0
331,ETH,Ethiopia,Sub-Saharan Africa,Eastern Sub-Saharan Africa,1995,0.022,184.0,47.5
361,GAB,Gabon,Sub-Saharan Africa,Central Sub-Saharan Africa,1995,0.138,103.5,9.0
379,GHA,Ghana,Sub-Saharan Africa,Western Sub-Saharan Africa,1995,0.06,154.5,32.5
385,GIN,Guinea,Sub-Saharan Africa,Western Sub-Saharan Africa,1995,0.043,163.0,36.0
391,GMB,The Gambia,Sub-Saharan Africa,Western Sub-Saharan Africa,1995,0.098,137.0,20.0
397,GNB,Guinea-Bissau,Sub-Saharan Africa,Western Sub-Saharan Africa,1995,0.11,124.0,13.0
403,GNQ,Equatorial Guinea,Sub-Saharan Africa,Central Sub-Saharan Africa,1995,0.268,20.0,1.0
529,KEN,Kenya,Sub-Saharan Africa,Eastern Sub-Saharan Africa,1995,0.093,140.0,23.0
577,LBR,Liberia,Sub-Saharan Africa,Western Sub-Saharan Africa,1995,0.133,107.0,10.0
601,LSO,Lesotho,Sub-Saharan Africa,Southern Sub-Saharan Africa,1995,0.167,74.0,5.0
637,MDG,Madagascar,Sub-Saharan Africa,Eastern Sub-Saharan Africa,1995,0.027,179.0,46.0
667,MLI,Mali,Sub-Saharan Africa,Western Sub-Saharan Africa,1995,0.076,147.0,28.0
697,MOZ,Mozambique,Sub-Saharan Africa,Eastern Sub-Saharan Africa,1995,0.051,159.0,34.0
703,MRT,Mauritania,Sub-Saharan Africa,Western Sub-Saharan Africa,1995,0.156,88.5,7.0
709,MUS,Mauritius,Sub-Saharan Africa,Eastern Sub-Saharan Africa,1995,0.109,126.0,14.0
715,MWI,Malawi,Sub-Saharan Africa,Eastern Sub-Saharan Africa,1995,0.032,174.0,42.5
727,NAM,Namibia,Sub-Saharan Africa,Southern Sub-Saharan Africa,1995,0.091,141.0,24.0
733,NER,Niger,Sub-Saharan Africa,Western Sub-Saharan Africa,1995,0.032,174.0,42.5
739,NGA,Nigeria,Sub-Saharan Africa,Western Sub-Saharan Africa,1995,0.082,144.0,26.0
859,RWA,Rwanda,Sub-Saharan Africa,Eastern Sub-Saharan Africa,1995,0.022,184.0,47.5
877,SEN,Senegal,Sub-Saharan Africa,Western Sub-Saharan Africa,1995,0.108,127.0,15.0
895,SLE,Sierra Leone,Sub-Saharan Africa,Western Sub-Saharan Africa,1995,0.076,147.0,28.0
907,SOM,Somalia,Sub-Saharan Africa,Eastern Sub-Saharan Africa,1995,0.094,138.5,21.5
919,SSD,South Sudan,Sub-Saharan Africa,Eastern Sub-Saharan Africa,1995,0.199,45.5,4.0
925,STP,Sao Tome and Principe,Sub-Saharan Africa,Western Sub-Saharan Africa,1995,0.094,138.5,21.5
955,SWZ,Swaziland,Sub-Saharan Africa,Southern Sub-Saharan Africa,1995,0.228,30.0,2.0
961,SYC,Seychelles,Sub-Saharan Africa,Eastern Sub-Saharan Africa,1995,0.157,86.0,6.0
973,TCD,Chad,Sub-Saharan Africa,Western Sub-Saharan Africa,1995,0.035,170.0,40.0
979,TGO,Togo,Sub-Saharan Africa,Western Sub-Saharan Africa,1995,0.04,167.0,39.0
1039,TZA,Tanzania,Sub-Saharan Africa,Eastern Sub-Saharan Africa,1995,0.065,153.0,31.0
1045,UGA,Uganda,Sub-Saharan Africa,Eastern Sub-Saharan Africa,1995,0.031,176.0,44.0
1111,ZAF,South Africa,Sub-Saharan Africa,Southern Sub-Saharan Africa,1995,0.223,32.0,3.0
1117,ZMB,Zambia,Sub-Saharan Africa,Eastern Sub-Saharan Africa,1995,0.076,147.0,28.0
1123,ZWE,Zimbabwe,Sub-Saharan Africa,Southern Sub-Saharan Africa,1995,0.085,143.0,25.0
13,ALB,Albania,"Central Europe, Eastern Europe, and Central Asia",Central Europe,1995,0.08,145.0,29.0
37,ARM,Armenia,"Central Europe, Eastern Europe, and Central Asia",Central Asia,1995,0.157,86.0,19.5
61,AZE,Azerbaijan,"Central Europe, Eastern Europe, and Central Asia",Central Asia,1995,0.139,101.5,24.0
97,BGR,Bulgaria,"Central Europe, Eastern Europe, and Central Asia",Central Europe,1995,0.192,53.5,7.0
115,BIH,Bosnia and Herzegovina,"Central Europe, Eastern Europe, and Central Asia",Central Europe,1995,0.159,82.5,17.0
121,BLR,Belarus,"Central Europe, Eastern Europe, and Central Asia",Eastern Europe,1995,0.11,124.0,26.5
259,CZE,Czech Republic,"Central Europe, Eastern Europe, and Central Asia",Central Europe,1995,0.187,57.5,9.5
325,EST,Estonia,"Central Europe, Eastern Europe, and Central Asia",Eastern Europe,1995,0.194,50.0,5.5
373,GEO,Georgia,"Central Europe, Eastern Europe, and Central Asia",Central Asia,1995,0.153,91.5,22.0
439,HRV,Croatia,"Central Europe, Eastern Europe, and Central Asia",Central Europe,1995,0.161,78.5,16.0
451,HUN,Hungary,"Central Europe, Eastern Europe, and Central Asia",Central Europe,1995,0.225,31.0,1.0
523,KAZ,Kazakhstan,"Central Europe, Eastern Europe, and Central Asia",Central Asia,1995,0.173,68.0,13.0
535,KGZ,Kyrgyzstan,"Central Europe, Eastern Europe, and Central Asia",Central Asia,1995,0.141,100.0,23.0
607,LTU,Lithuania,"Central Europe, Eastern Europe, and Central Asia",Eastern Europe,1995,0.187,57.5,9.5
619,LVA,Latvia,"Central Europe, Eastern Europe, and Central Asia",Eastern Europe,1995,0.218,38.0,2.0
631,MDA,Moldova,"Central Europe, Eastern Europe, and Central Asia",Eastern Europe,1995,0.195,48.0,4.0
661,MKD,Macedonia,"Central Europe, Eastern Europe, and Central Asia",Central Europe,1995,0.167,74.0,15.0
685,MNE,Montenegro,"Central Europe, Eastern Europe, and Central Asia",Central Europe,1995,0.194,50.0,5.5
691,MNG,Mongolia,"Central Europe, Eastern Europe, and Central Asia",Central Asia,1995,0.11,124.0,26.5
811,POL,Poland,"Central Europe, Eastern Europe, and Central Asia",Central Europe,1995,0.185,60.0,11.0
847,ROU,Romania,"Central Europe, Eastern Europe, and Central Asia",Central Europe,1995,0.158,84.0,18.0
853,RUS,Russia,"Central Europe, Eastern Europe, and Central Asia",Eastern Europe,1995,0.191,55.0,8.0
913,SRB,Serbia,"Central Europe, Eastern Europe, and Central Asia",Central Europe,1995,0.157,86.0,19.5
937,SVK,Slovakia,"Central Europe, Eastern Europe, and Central Asia",Central Europe,1995,0.199,45.5,3.0
943,SVN,Slovenia,"Central Europe, Eastern Europe, and Central Asia",Central Europe,1995,0.171,69.0,14.0
991,TJK,Tajikistan,"Central Europe, Eastern Europe, and Central Asia",Central Asia,1995,0.103,132.5,28.0
997,TKM,Turkmenistan,"Central Europe, Eastern Europe, and Central Asia",Central Asia,1995,0.155,90.0,21.0
1051,UKR,Ukraine,"Central Europe, Eastern Europe, and Central Asia",Eastern Europe,1995,0.182,62.0,12.0
1069,UZB,Uzbekistan,"Central Europe, Eastern Europe, and Central Asia",Central Asia,1995,0.12,117.0,25.0
19,AND,Andorra,High-income,Western Europe,1995,0.074,149.0,29.0
31,ARG,Argentina,High-income,Southern Latin America,1995,0.219,37.0,7.0
49,AUS,Australia,High-income,Australasia,1995,0.183,61.0,15.0
55,AUT,Austria,High-income,Western Europe,1995,0.153,91.5,25.0
73,BEL,Belgium,High-income,Western Europe,1995,0.186,59.0,14.0
151,BRN,Brunei,High-income,High-income Asia Pacific,1995,0.03,177.0,32.0
175,CAN,Canada,High-income,High-income North America,1995,0.19,56.0,13.0
181,CHE,Switzerland,High-income,Western Europe,1995,0.146,98.0,27.0
187,CHL,Chile,High-income,Southern Latin America,1995,0.234,26.0,2.0
253,CYP,Cyprus,High-income,Western Europe,1995,0.232,28.0,4.0
265,DEU,Germany,High-income,Western Europe,1995,0.194,50.0,12.0
283,DNK,Denmark,High-income,Western Europe,1995,0.16,80.5,23.0
319,ESP,Spain,High-income,Western Europe,1995,0.202,42.5,10.0
337,FIN,Finland,High-income,Western Europe,1995,0.174,67.0,19.0
349,FRA,France,High-income,Western Europe,1995,0.169,71.5,21.0
367,GBR,United Kingdom,High-income,Western Europe,1995,0.17,70.0,20.0
409,GRC,Greece,High-income,Western Europe,1995,0.177,65.0,18.0
469,IRL,Ireland,High-income,Western Europe,1995,0.181,63.0,16.0
487,ISL,Iceland,High-income,Western Europe,1995,0.221,35.0,6.0
493,ISR,Israel,High-income,Western Europe,1995,0.212,39.0,8.0
499,ITA,Italy,High-income,Western Europe,1995,0.159,82.5,24.0
517,JPN,Japan,High-income,High-income Asia Pacific,1995,0.025,180.5,33.0
553,KOR,South Korea,High-income,High-income Asia Pacific,1995,0.058,156.0,31.0
613,LUX,Luxembourg,High-income,Western Europe,1995,0.206,41.0,9.0
673,MLT,Malta,High-income,Western Europe,1995,0.255,22.0,1.0
751,NLD,Netherlands,High-income,Western Europe,1995,0.126,113.0,28.0
757,NOR,Norway,High-income,Western Europe,1995,0.151,94.0,26.0
769,NZL,New Zealand,High-income,Australasia,1995,0.178,64.0,17.0
823,PRT,Portugal,High-income,Western Europe,1995,0.197,47.0,11.0
883,SGP,Singapore,High-income,High-income Asia Pacific,1995,0.068,150.5,30.0
949,SWE,Sweden,High-income,Western Europe,1995,0.167,74.0,22.0
1057,URY,Uruguay,High-income,Southern Latin America,1995,0.233,27.0,3.0
1063,USA,United States,High-income,High-income North America,1995,0.231,29.0,5.0
25,ARE,United Arab Emirates,North Africa and Middle East,North Africa and Middle East,1995,0.272,18.0,10.0
103,BHR,Bahrain,North Africa and Middle East,North Africa and Middle East,1995,0.288,13.5,6.0
295,DZA,Algeria,North Africa and Middle East,North Africa and Middle East,1995,0.144,99.0,17.0
307,EGY,Egypt,North Africa and Middle East,North Africa and Middle East,1995,0.305,10.5,5.0
475,IRN,Iran,North Africa and Middle East,North Africa and Middle East,1995,0.193,52.0,14.0
481,IRQ,Iraq,North Africa and Middle East,North Africa and Middle East,1995,0.287,15.5,7.5
511,JOR,Jordan,North Africa and Middle East,North Africa and Middle East,1995,0.321,8.5,4.0
559,KWT,Kuwait,North Africa and Middle East,North Africa and Middle East,1995,0.375,7.0,3.0
571,LBN,Lebanon,North Africa and Middle East,North Africa and Middle East,1995,0.24,25.0,13.0
583,LBY,Libya,North Africa and Middle East,North Africa and Middle East,1995,0.417,5.0,2.0
625,MAR,Morocco,North Africa and Middle East,North Africa and Middle East,1995,0.163,77.0,16.0
775,OMN,Oman,North Africa and Middle East,North Africa and Middle East,1995,0.169,71.5,15.0
835,PSE,Palestine,North Africa and Middle East,North Africa and Middle East,1995,0.287,15.5,7.5
841,QAT,Qatar,North Africa and Middle East,North Africa and Middle East,1995,0.487,3.0,1.0
865,SAU,Saudi Arabia,North Africa and Middle East,North Africa and Middle East,1995,0.271,19.0,11.0
871,SDN,Sudan,North Africa and Middle East,North Africa and Middle East,1995,0.136,106.0,18.0
967,SYR,Syria,North Africa and Middle East,North Africa and Middle East,1995,0.281,17.0,9.0
1021,TUN,Tunisia,North Africa and Middle East,North Africa and Middle East,1995,0.12,117.0,20.0
1027,TUR,Turkey,North Africa and Middle East,North Africa and Middle East,1995,0.259,21.0,12.0
1105,YEM,Yemen,North Africa and Middle East,North Africa and Middle East,1995,0.132,108.5,19.0
43,ATG,Antigua and Barbuda,Latin America and Caribbean,Caribbean,1995,0.139,101.5,18.0
109,BHS,The Bahamas,Latin America and Caribbean,Caribbean,1995,0.305,10.5,1.0
127,BLZ,Belize,Latin America and Caribbean,Caribbean,1995,0.304,12.0,2.0
133,BOL,Bolivia,Latin America and Caribbean,Andean Latin America,1995,0.132,108.5,20.0
139,BRA,Brazil,Latin America and Caribbean,Tropical Latin America,1995,0.107,128.0,26.0
145,BRB,Barbados,Latin America and Caribbean,Caribbean,1995,0.222,33.5,5.5
223,COL,Colombia,Latin America and Caribbean,Central Latin America,1995,0.115,121.0,25.0
241,CRI,Costa Rica,Latin America and Caribbean,Central Latin America,1995,0.201,44.0,9.0
247,CUB,Cuba,Latin America and Caribbean,Caribbean,1995,0.175,66.0,11.0
277,DMA,Dominica,Latin America and Caribbean,Caribbean,1995,0.222,33.5,5.5
289,DOM,Dominican Republic,Latin America and Caribbean,Caribbean,1995,0.129,110.5,21.0
301,ECU,Ecuador,Latin America and Caribbean,Andean Latin America,1995,0.124,115.0,24.0
415,GRD,Grenada,Latin America and Caribbean,Caribbean,1995,0.15,95.5,16.5
421,GTM,Guatemala,Latin America and Caribbean,Central Latin America,1995,0.101,134.0,28.0
427,GUY,Guyana,Latin America and Caribbean,Caribbean,1995,0.192,53.5,10.0
433,HND,Honduras,Latin America and Caribbean,Central Latin America,1995,0.105,129.5,27.0
445,HTI,Haiti,Latin America and Caribbean,Caribbean,1995,0.068,150.5,29.0
505,JAM,Jamaica,Latin America and Caribbean,Caribbean,1995,0.164,76.0,12.0
589,LCA,Saint Lucia,Latin America and Caribbean,Caribbean,1995,0.156,88.5,14.0
649,MEX,Mexico,Latin America and Caribbean,Central Latin America,1995,0.202,42.5,8.0
745,NIC,Nicaragua,Latin America and Caribbean,Central Latin America,1995,0.16,80.5,13.0
787,PAN,Panama,Latin America and Caribbean,Central Latin America,1995,0.125,114.0,23.0
793,PER,Peru,Latin America and Caribbean,Andean Latin America,1995,0.127,112.0,22.0
829,PRY,Paraguay,Latin America and Caribbean,Tropical Latin America,1995,0.242,24.0,4.0
901,SLV,El Salvador,Latin America and Caribbean,Central Latin America,1995,0.152,93.0,15.0
931,SUR,Suriname,Latin America and Caribbean,Caribbean,1995,0.209,40.0,7.0
1015,TTO,Trinidad and Tobago,Latin America and Caribbean,Caribbean,1995,0.254,23.0,3.0
1075,VCT,Saint Vincent and the Grenadines,Latin America and Caribbean,Caribbean,1995,0.15,95.5,16.5
1081,VEN,Venezuela,Latin America and Caribbean,Central Latin America,1995,0.138,103.5,19.0
193,CHN,China,"Southeast Asia, East Asia, and Oceania",East Asia,1995,0.024,182.0,21.0
343,FJI,Fiji,"Southeast Asia, East Asia, and Oceania",Oceania,1995,0.22,36.0,7.0
355,FSM,Federated States of Micronesia,"Southeast Asia, East Asia, and Oceania",Oceania,1995,0.39,6.0,4.0
457,IDN,Indonesia,"Southeast Asia, East Asia, and Oceania",Southeast Asia,1995,0.032,174.0,19.0
541,KHM,Cambodia,"Southeast Asia, East Asia, and Oceania",Southeast Asia,1995,0.015,187.0,22.0
547,KIR,Kiribati,"Southeast Asia, East Asia, and Oceania",Oceania,1995,0.442,4.0,3.0
565,LAO,Laos,"Southeast Asia, East Asia, and Oceania",Southeast Asia,1995,0.045,161.0,14.5
595,LKA,Sri Lanka,"Southeast Asia, East Asia, and Oceania",Southeast Asia,1995,0.039,168.0,17.0
643,MDV,Maldives,"Southeast Asia, East Asia, and Oceania",Southeast Asia,1995,0.103,132.5,10.0
655,MHL,Marshall Islands,"Southeast Asia, East Asia, and Oceania",Oceania,1995,0.321,8.5,5.0
679,MMR,Myanmar,"Southeast Asia, East Asia, and Oceania",Southeast Asia,1995,0.052,157.5,12.5
721,MYS,Malaysia,"Southeast Asia, East Asia, and Oceania",Southeast Asia,1995,0.118,119.0,9.0
799,PHL,Philippines,"Southeast Asia, East Asia, and Oceania",Southeast Asia,1995,0.037,169.0,18.0
805,PNG,Papua New Guinea,"Southeast Asia, East Asia, and Oceania",Oceania,1995,0.09,142.0,11.0
817,PRK,North Korea,"Southeast Asia, East Asia, and Oceania",East Asia,1995,0.025,180.5,20.0
889,SLB,Solomon Islands,"Southeast Asia, East Asia, and Oceania",Oceania,1995,0.288,13.5,6.0
985,THA,Thailand,"Southeast Asia, East Asia, and Oceania",Southeast Asia,1995,0.052,157.5,12.5
1003,TLS,Timor-Leste,"Southeast Asia, East Asia, and Oceania",Southeast Asia,1995,0.045,161.0,14.5
1009,TON,Tonga,"Southeast Asia, East Asia, and Oceania",Oceania,1995,0.561,1.0,1.0
1033,TWN,Taiwan,"Southeast Asia, East Asia, and Oceania",East Asia,1995,0.042,164.5,16.0
1087,VNM,Vietnam,"Southeast Asia, East Asia, and Oceania",Southeast Asia,1995,0.012,188.0,23.0
1093,VUT,Vanuatu,"Southeast Asia, East Asia, and Oceania",Oceania,1995,0.161,78.5,8.0
1099,WSM,Samoa,"Southeast Asia, East Asia, and Oceania",Oceania,1995,0.521,2.0,2.0
2,AFG,Afghanistan,South Asia,South Asia,2000,0.14,109.0,1.0
92,BGD,Bangladesh,South Asia,South Asia,2000,0.027,182.0,5.0
158,BTN,Bhutan,South Asia,South Asia,2000,0.134,114.0,2.0
464,IND,India,South Asia,South Asia,2000,0.036,174.0,4.0
764,NPL,Nepal,South Asia,South Asia,2000,0.02,186.0,6.0
782,PAK,Pakistan,South Asia,South Asia,2000,0.124,120.5,3.0
8,AGO,Angola,Sub-Saharan Africa,Central Sub-Saharan Africa,2000,0.128,117.0,13.0
68,BDI,Burundi,Sub-Saharan Africa,Eastern Sub-Saharan Africa,2000,0.029,180.0,45.0
80,BEN,Benin,Sub-Saharan Africa,Western Sub-Saharan Africa,2000,0.077,153.5,31.5
86,BFA,Burkina Faso,Sub-Saharan Africa,Western Sub-Saharan Africa,2000,0.053,161.0,36.0
164,BWA,Botswana,Sub-Saharan Africa,Southern Sub-Saharan Africa,2000,0.149,102.0,10.0
170,CAF,Central African Republic,Sub-Saharan Africa,Central Sub-Saharan Africa,2000,0.071,155.0,33.0
200,CIV,Cote d'Ivoire,Sub-Saharan Africa,Western Sub-Saharan Africa,2000,0.068,156.0,34.0
206,CMR,Cameroon,Sub-Saharan Africa,Western Sub-Saharan Africa,2000,0.122,123.0,14.0
212,COD,Democratic Republic of the Congo,Sub-Saharan Africa,Central Sub-Saharan Africa,2000,0.043,168.0,39.0
218,COG,Congo,Sub-Saharan Africa,Central Sub-Saharan Africa,2000,0.112,132.5,18.0
230,COM,Comoros,Sub-Saharan Africa,Eastern Sub-Saharan Africa,2000,0.11,134.0,19.0
236,CPV,Cape Verde,Sub-Saharan Africa,Western Sub-Saharan Africa,2000,0.103,139.5,22.5
272,DJI,Djibouti,Sub-Saharan Africa,Eastern Sub-Saharan Africa,2000,0.114,130.0,17.0
314,ERI,Eritrea,Sub-Saharan Africa,Eastern Sub-Saharan Africa,2000,0.035,176.0,44.0
332,ETH,Ethiopia,Sub-Saharan Africa,Eastern Sub-Saharan Africa,2000,0.025,183.5,47.0
362,GAB,Gabon,Sub-Saharan Africa,Central Sub-Saharan Africa,2000,0.157,97.0,8.0
380,GHA,Ghana,Sub-Saharan Africa,Western Sub-Saharan Africa,2000,0.077,153.5,31.5
386,GIN,Guinea,Sub-Saharan Africa,Western Sub-Saharan Africa,2000,0.049,163.0,38.0
392,GMB,The Gambia,Sub-Saharan Africa,Western Sub-Saharan Africa,2000,0.104,137.5,20.5
398,GNB,Guinea-Bissau,Sub-Saharan Africa,Western Sub-Saharan Africa,2000,0.141,107.5,11.0
404,GNQ,Equatorial Guinea,Sub-Saharan Africa,Central Sub-Saharan Africa,2000,0.277,20.0,1.0
530,KEN,Kenya,Sub-Saharan Africa,Eastern Sub-Saharan Africa,2000,0.101,141.0,24.0
578,LBR,Liberia,Sub-Saharan Africa,Western Sub-Saharan Africa,2000,0.155,98.0,9.0
602,LSO,Lesotho,Sub-Saharan Africa,Southern Sub-Saharan Africa,2000,0.183,73.0,6.0
638,MDG,Madagascar,Sub-Saharan Africa,Eastern Sub-Saharan Africa,2000,0.028,181.0,46.0
668,MLI,Mali,Sub-Saharan Africa,Western Sub-Saharan Africa,2000,0.096,142.5,25.5
698,MOZ,Mozambique,Sub-Saharan Africa,Eastern Sub-Saharan Africa,2000,0.058,158.5,35.0
704,MRT,Mauritania,Sub-Saharan Africa,Western Sub-Saharan Africa,2000,0.165,89.0,7.0
710,MUS,Mauritius,Sub-Saharan Africa,Eastern Sub-Saharan Africa,2000,0.115,128.0,15.5
716,MWI,Malawi,Sub-Saharan Africa,Eastern Sub-Saharan Africa,2000,0.036,174.0,42.5
728,NAM,Namibia,Sub-Saharan Africa,Southern Sub-Saharan Africa,2000,0.115,128.0,15.5
734,NER,Niger,Sub-Saharan Africa,Western Sub-Saharan Africa,2000,0.037,172.0,41.0
740,NGA,Nigeria,Sub-Saharan Africa,Western Sub-Saharan Africa,2000,0.103,139.5,22.5
860,RWA,Rwanda,Sub-Saharan Africa,Eastern Sub-Saharan Africa,2000,0.023,185.0,48.0
878,SEN,Senegal,Sub-Saharan Africa,Western Sub-Saharan Africa,2000,0.132,115.0,12.0
896,SLE,Sierra Leone,Sub-Saharan Africa,Western Sub-Saharan Africa,2000,0.079,151.0,30.0
908,SOM,Somalia,Sub-Saharan Africa,Eastern Sub-Saharan Africa,2000,0.096,142.5,25.5
920,SSD,South Sudan,Sub-Saharan Africa,Eastern Sub-Saharan Africa,2000,0.204,54.0,4.0
926,STP,Sao Tome and Principe,Sub-Saharan Africa,Western Sub-Saharan Africa,2000,0.104,137.5,20.5
956,SWZ,Swaziland,Sub-Saharan Africa,Southern Sub-Saharan Africa,2000,0.235,30.0,2.0
962,SYC,Seychelles,Sub-Saharan Africa,Eastern Sub-Saharan Africa,2000,0.195,62.0,5.0
974,TCD,Chad,Sub-Saharan Africa,Western Sub-Saharan Africa,2000,0.04,171.0,40.0
980,TGO,Togo,Sub-Saharan Africa,Western Sub-Saharan Africa,2000,0.052,162.0,37.0
1040,TZA,Tanzania,Sub-Saharan Africa,Eastern Sub-Saharan Africa,2000,0.081,150.0,29.0
1046,UGA,Uganda,Sub-Saharan Africa,Eastern Sub-Saharan Africa,2000,0.036,174.0,42.5
1112,ZAF,South Africa,Sub-Saharan Africa,Southern Sub-Saharan Africa,2000,0.232,33.5,3.0
1118,ZMB,Zambia,Sub-Saharan Africa,Eastern Sub-Saharan Africa,2000,0.083,148.5,28.0
1124,ZWE,Zimbabwe,Sub-Saharan Africa,Southern Sub-Saharan Africa,2000,0.093,144.0,27.0
14,ALB,Albania,"Central Europe, Eastern Europe, and Central Asia",Central Europe,2000,0.083,148.5,29.0
38,ARM,Armenia,"Central Europe, Eastern Europe, and Central Asia",Central Asia,2000,0.166,87.5,19.0
62,AZE,Azerbaijan,"Central Europe, Eastern Europe, and Central Asia",Central Asia,2000,0.154,99.0,23.0
98,BGR,Bulgaria,"Central Europe, Eastern Europe, and Central Asia",Central Europe,2000,0.185,71.0,13.5
116,BIH,Bosnia and Herzegovina,"Central Europe, Eastern Europe, and Central Asia",Central Europe,2000,0.167,86.0,18.0
122,BLR,Belarus,"Central Europe, Eastern Europe, and Central Asia",Eastern Europe,2000,0.107,136.0,28.0
260,CZE,Czech Republic,"Central Europe, Eastern Europe, and Central Asia",Central Europe,2000,0.19,65.0,9.5
326,EST,Estonia,"Central Europe, Eastern Europe, and Central Asia",Eastern Europe,2000,0.206,50.0,4.0
374,GEO,Georgia,"Central Europe, Eastern Europe, and Central Asia",Central Asia,2000,0.187,68.0,11.0
440,HRV,Croatia,"Central Europe, Eastern Europe, and Central Asia",Central Europe,2000,0.172,82.0,16.0
452,HUN,Hungary,"Central Europe, Eastern Europe, and Central Asia",Central Europe,2000,0.226,38.5,1.0
524,KAZ,Kazakhstan,"Central Europe, Eastern Europe, and Central Asia",Central Asia,2000,0.163,91.5,20.5
536,KGZ,Kyrgyzstan,"Central Europe, Eastern Europe, and Central Asia",Central Asia,2000,0.141,107.5,24.0
608,LTU,Lithuania,"Central Europe, Eastern Europe, and Central Asia",Eastern Europe,2000,0.199,60.0,6.0
620,LVA,Latvia,"Central Europe, Eastern Europe, and Central Asia",Eastern Europe,2000,0.212,46.0,3.0
632,MDA,Moldova,"Central Europe, Eastern Europe, and Central Asia",Eastern Europe,2000,0.197,61.0,7.0
662,MKD,Macedonia,"Central Europe, Eastern Europe, and Central Asia",Central Europe,2000,0.179,76.5,15.0
686,MNE,Montenegro,"Central Europe, Eastern Europe, and Central Asia",Central Europe,2000,0.2,59.0,5.0
692,MNG,Mongolia,"Central Europe, Eastern Europe, and Central Asia",Central Asia,2000,0.121,124.0,25.0
812,POL,Poland,"Central Europe, Eastern Europe, and Central Asia",Central Europe,2000,0.19,65.0,9.5
848,ROU,Romania,"Central Europe, Eastern Europe, and Central Asia",Central Europe,2000,0.169,85.0,17.0
854,RUS,Russia,"Central Europe, Eastern Europe, and Central Asia",Eastern Europe,2000,0.22,42.5,2.0
914,SRB,Serbia,"Central Europe, Eastern Europe, and Central Asia",Central Europe,2000,0.163,91.5,20.5
938,SVK,Slovakia,"Central Europe, Eastern Europe, and Central Asia",Central Europe,2000,0.194,63.0,8.0
944,SVN,Slovenia,"Central Europe, Eastern Europe, and Central Asia",Central Europe,2000,0.186,69.0,12.0
992,TJK,Tajikistan,"Central Europe, Eastern Europe, and Central Asia",Central Asia,2000,0.112,132.5,27.0
998,TKM,Turkmenistan,"Central Europe, Eastern Europe, and Central Asia",Central Asia,2000,0.162,93.5,22.0
1052,UKR,Ukraine,"Central Europe, Eastern Europe, and Central Asia",Eastern Europe,2000,0.185,71.0,13.5
1070,UZB,Uzbekistan,"Central Europe, Eastern Europe, and Central Asia",Central Asia,2000,0.119,125.0,26.0
20,AND,Andorra,High-income,Western Europe,2000,0.084,147.0,30.0
32,ARG,Argentina,High-income,Southern Latin America,2000,0.22,42.5,11.0
50,AUS,Australia,High-income,Australasia,2000,0.225,40.5,9.5
56,AUT,Austria,High-income,Western Europe,2000,0.17,84.0,25.0
74,BEL,Belgium,High-income,Western Europe,2000,0.201,57.5,17.5
152,BRN,Brunei,High-income,High-income Asia Pacific,2000,0.032,177.0,32.0
176,CAN,Canada,High-income,High-income North America,2000,0.201,57.5,17.5
182,CHE,Switzerland,High-income,Western Europe,2000,0.159,96.0,27.0
188,CHL,Chile,High-income,Southern Latin America,2000,0.245,27.0,3.0
254,CYP,Cyprus,High-income,Western Europe,2000,0.232,33.5,6.0
266,DEU,Germany,High-income,Western Europe,2000,0.204,54.0,15.5
284,DNK,Denmark,High-income,Western Europe,2000,0.179,76.5,22.5
320,ESP,Spain,High-income,Western Europe,2000,0.227,37.0,7.0
338,FIN,Finland,High-income,Western Europe,2000,0.188,67.0,19.0
350,FRA,France,High-income,Western Europe,2000,0.185,71.0,20.0
368,GBR,United Kingdom,High-income,Western Europe,2000,0.207,49.0,14.0
410,GRC,Greece,High-income,Western Europe,2000,0.182,74.0,21.0
470,IRL,Ireland,High-income,Western Europe,2000,0.21,47.0,13.0
488,ISL,Iceland,High-income,Western Europe,2000,0.243,28.0,4.0
494,ISR,Israel,High-income,Western Europe,2000,0.225,40.5,9.5
500,ITA,Italy,High-income,Western Europe,2000,0.175,80.0,24.0
518,JPN,Japan,High-income,High-income Asia Pacific,2000,0.031,178.0,33.0
554,KOR,South Korea,High-income,High-income Asia Pacific,2000,0.058,158.5,31.0
614,LUX,Luxembourg,High-income,Western Europe,2000,0.226,38.5,8.0
674,MLT,Malta,High-income,Western Europe,2000,0.268,22.0,2.0
752,NLD,Netherlands,High-income,Western Europe,2000,0.113,131.0,28.0
758,NOR,Norway,High-income,Western Europe,2000,0.166,87.5,26.0
770,NZL,New Zealand,High-income,Australasia,2000,0.215,44.0,12.0
824,PRT,Portugal,High-income,Western Europe,2000,0.204,54.0,15.5
884,SGP,Singapore,High-income,High-income Asia Pacific,2000,0.085,146.0,29.0
950,SWE,Sweden,High-income,Western Europe,2000,0.179,76.5,22.5
1058,URY,Uruguay,High-income,Southern Latin America,2000,0.238,29.0,5.0
1064,USA,United States,High-income,High-income North America,2000,0.287,19.0,1.0
26,ARE,United Arab Emirates,North Africa and Middle East,North Africa and Middle East,2000,0.273,21.0,11.0
104,BHR,Bahrain,North Africa and Middle East,North Africa and Middle East,2000,0.305,15.0,8.0
296,DZA,Algeria,North Africa and Middle East,North Africa and Middle East,2000,0.15,101.0,17.0
308,EGY,Egypt,North Africa and Middle East,North Africa and Middle East,2000,0.339,9.0,4.0
476,IRN,Iran,North Africa and Middle East,North Africa and Middle East,2000,0.19,65.0,15.0
482,IRQ,Iraq,North Africa and Middle East,North Africa and Middle East,2000,0.295,17.0,9.0
512,JOR,Jordan,North Africa and Middle East,North Africa and Middle East,2000,0.338,10.0,5.0
560,KWT,Kuwait,North Africa and Middle East,North Africa and Middle East,2000,0.428,5.0,2.0
572,LBN,Lebanon,North Africa and Middle East,North Africa and Middle East,2000,0.251,26.0,13.0
584,LBY,Libya,North Africa and Middle East,North Africa and Middle East,2000,0.42,6.0,3.0
626,MAR,Morocco,North Africa and Middle East,North Africa and Middle East,2000,0.172,82.0,16.0
776,OMN,Oman,North Africa and Middle East,North Africa and Middle East,2000,0.205,51.5,14.0
836,PSE,Palestine,North Africa and Middle East,North Africa and Middle East,2000,0.309,14.0,7.0
842,QAT,Qatar,North Africa and Middle East,North Africa and Middle East,2000,0.478,3.0,1.0
866,SAU,Saudi Arabia,North Africa and Middle East,North Africa and Middle East,2000,0.331,11.0,6.0
872,SDN,Sudan,North Africa and Middle East,North Africa and Middle East,2000,0.142,105.0,18.0
968,SYR,Syria,North Africa and Middle East,North Africa and Middle East,2000,0.291,18.0,10.0
1022,TUN,Tunisia,North Africa and Middle East,North Africa and Middle East,2000,0.127,118.0,20.0
1028,TUR,Turkey,North Africa and Middle East,North Africa and Middle East,2000,0.262,23.0,12.0
1106,YEM,Yemen,North Africa and Middle East,North Africa and Middle East,2000,0.136,112.0,19.0
44,ATG,Antigua and Barbuda,Latin America and Caribbean,Caribbean,2000,0.139,110.5,21.5
110,BHS,The Bahamas,Latin America and Caribbean,Caribbean,2000,0.321,12.0,1.0
128,BLZ,Belize,Latin America and Caribbean,Caribbean,2000,0.318,13.0,2.0
134,BOL,Bolivia,Latin America and Caribbean,Andean Latin America,2000,0.152,100.0,17.0
140,BRA,Brazil,Latin America and Caribbean,Tropical Latin America,2000,0.117,126.0,27.0
146,BRB,Barbados,Latin America and Caribbean,Caribbean,2000,0.23,35.5,7.0
224,COL,Colombia,Latin America and Caribbean,Central Latin America,2000,0.135,113.0,23.0
242,CRI,Costa Rica,Latin America and Caribbean,Central Latin America,2000,0.208,48.0,9.0
248,CUB,Cuba,Latin America and Caribbean,Caribbean,2000,0.203,56.0,11.0
278,DMA,Dominica,Latin America and Caribbean,Caribbean,2000,0.233,32.0,6.0
290,DOM,Dominican Republic,Latin America and Caribbean,Caribbean,2000,0.139,110.5,21.5
302,ECU,Ecuador,Latin America and Caribbean,Andean Latin America,2000,0.126,119.0,25.0
416,GRD,Grenada,Latin America and Caribbean,Caribbean,2000,0.148,103.0,18.0
422,GTM,Guatemala,Latin America and Caribbean,Central Latin America,2000,0.115,128.0,28.0
428,GUY,Guyana,Latin America and Caribbean,Caribbean,2000,0.205,51.5,10.0
434,HND,Honduras,Latin America and Caribbean,Central Latin America,2000,0.123,122.0,26.0
446,HTI,Haiti,Latin America and Caribbean,Caribbean,2000,0.078,152.0,29.0
506,JAM,Jamaica,Latin America and Caribbean,Caribbean,2000,0.178,79.0,13.0
590,LCA,Saint Lucia,Latin America and Caribbean,Caribbean,2000,0.16,95.0,16.0
650,MEX,Mexico,Latin America and Caribbean,Central Latin America,2000,0.234,31.0,5.0
746,NIC,Nicaragua,Latin America and Caribbean,Central Latin America,2000,0.179,76.5,12.0
788,PAN,Panama,Latin America and Caribbean,Central Latin America,2000,0.129,116.0,24.0
794,PER,Peru,Latin America and Caribbean,Andean Latin America,2000,0.142,105.0,19.5
830,PRY,Paraguay,Latin America and Caribbean,Tropical Latin America,2000,0.252,25.0,4.0
902,SLV,El Salvador,Latin America and Caribbean,Central Latin America,2000,0.172,82.0,14.0
932,SUR,Suriname,Latin America and Caribbean,Caribbean,2000,0.213,45.0,8.0
1016,TTO,Trinidad and Tobago,Latin America and Caribbean,Caribbean,2000,0.261,24.0,3.0
1076,VCT,Saint Vincent and the Grenadines,Latin America and Caribbean,Caribbean,2000,0.162,93.5,15.0
1082,VEN,Venezuela,Latin America and Caribbean,Central Latin America,2000,0.142,105.0,19.5
194,CHN,China,"Southeast Asia, East Asia, and Oceania",East Asia,2000,0.03,179.0,20.0
344,FJI,Fiji,"Southeast Asia, East Asia, and Oceania",Oceania,2000,0.23,35.5,7.0
356,FSM,Federated States of Micronesia,"Southeast Asia, East Asia, and Oceania",Oceania,2000,0.404,7.0,4.0
458,IDN,Indonesia,"Southeast Asia, East Asia, and Oceania",Southeast Asia,2000,0.041,170.0,19.0
542,KHM,Cambodia,"Southeast Asia, East Asia, and Oceania",Southeast Asia,2000,0.017,187.0,22.0
548,KIR,Kiribati,"Southeast Asia, East Asia, and Oceania",Oceania,2000,0.453,4.0,3.0
566,LAO,Laos,"Southeast Asia, East Asia, and Oceania",Southeast Asia,2000,0.048,164.0,14.0
596,LKA,Sri Lanka,"Southeast Asia, East Asia, and Oceania",Southeast Asia,2000,0.044,166.5,16.5
644,MDV,Maldives,"Southeast Asia, East Asia, and Oceania",Southeast Asia,2000,0.109,135.0,10.0
656,MHL,Marshall Islands,"Southeast Asia, East Asia, and Oceania",Oceania,2000,0.391,8.0,5.0
680,MMR,Myanmar,"Southeast Asia, East Asia, and Oceania",Southeast Asia,2000,0.055,160.0,13.0
722,MYS,Malaysia,"Southeast Asia, East Asia, and Oceania",Southeast Asia,2000,0.124,120.5,9.0
800,PHL,Philippines,"Southeast Asia, East Asia, and Oceania",Southeast Asia,2000,0.042,169.0,18.0
806,PNG,Papua New Guinea,"Southeast Asia, East Asia, and Oceania",Oceania,2000,0.091,145.0,11.0
818,PRK,North Korea,"Southeast Asia, East Asia, and Oceania",East Asia,2000,0.025,183.5,21.0
890,SLB,Solomon Islands,"Southeast Asia, East Asia, and Oceania",Oceania,2000,0.296,16.0,6.0
986,THA,Thailand,"Southeast Asia, East Asia, and Oceania",Southeast Asia,2000,0.067,157.0,12.0
1004,TLS,Timor-Leste,"Southeast Asia, East Asia, and Oceania",Southeast Asia,2000,0.044,166.5,16.5
1010,TON,Tonga,"Southeast Asia, East Asia, and Oceania",Oceania,2000,0.58,1.0,1.0
1034,TWN,Taiwan,"Southeast Asia, East Asia, and Oceania",East Asia,2000,0.045,165.0,15.0
1088,VNM,Vietnam,"Southeast Asia, East Asia, and Oceania",Southeast Asia,2000,0.012,188.0,23.0
1094,VUT,Vanuatu,"Southeast Asia, East Asia, and Oceania",Oceania,2000,0.164,90.0,8.0
1100,WSM,Samoa,"Southeast Asia, East Asia, and Oceania",Oceania,2000,0.545,2.0,2.0
3,AFG,Afghanistan,South Asia,South Asia,2005,0.141,114.0,1.0
93,BGD,Bangladesh,South Asia,South Asia,2005,0.03,180.5,5.0
159,BTN,Bhutan,South Asia,South Asia,2005,0.137,117.0,2.0
465,IND,India,South Asia,South Asia,2005,0.037,175.0,4.0
765,NPL,Nepal,South Asia,South Asia,2005,0.022,186.0,6.0
783,PAK,Pakistan,South Asia,South Asia,2005,0.13,126.0,3.0
9,AGO,Angola,Sub-Saharan Africa,Central Sub-Saharan Africa,2005,0.137,117.0,13.0
69,BDI,Burundi,Sub-Saharan Africa,Eastern Sub-Saharan Africa,2005,0.03,180.5,45.0
81,BEN,Benin,Sub-Saharan Africa,Western Sub-Saharan Africa,2005,0.091,148.0,30.0
87,BFA,Burkina Faso,Sub-Saharan Africa,Western Sub-Saharan Africa,2005,0.059,162.0,37.0
165,BWA,Botswana,Sub-Saharan Africa,Southern Sub-Saharan Africa,2005,0.151,107.0,11.0
171,CAF,Central African Republic,Sub-Saharan Africa,Central Sub-Saharan Africa,2005,0.073,157.0,34.0
201,CIV,Cote d'Ivoire,Sub-Saharan Africa,Western Sub-Saharan Africa,2005,0.085,153.0,32.0
207,CMR,Cameroon,Sub-Saharan Africa,Western Sub-Saharan Africa,2005,0.133,122.0,14.0
213,COD,Democratic Republic of the Congo,Sub-Saharan Africa,Central Sub-Saharan Africa,2005,0.044,170.0,39.0
219,COG,Congo,Sub-Saharan Africa,Central Sub-Saharan Africa,2005,0.11,138.0,22.0
231,COM,Comoros,Sub-Saharan Africa,Eastern Sub-Saharan Africa,2005,0.123,130.0,17.0
237,CPV,Cape Verde,Sub-Saharan Africa,Western Sub-Saharan Africa,2005,0.108,140.5,24.0
273,DJI,Djibouti,Sub-Saharan Africa,Eastern Sub-Saharan Africa,2005,0.126,128.5,16.0
315,ERI,Eritrea,Sub-Saharan Africa,Eastern Sub-Saharan Africa,2005,0.036,176.0,44.0
333,ETH,Ethiopia,Sub-Saharan Africa,Eastern Sub-Saharan Africa,2005,0.028,182.5,46.5
363,GAB,Gabon,Sub-Saharan Africa,Central Sub-Saharan Africa,2005,0.179,88.0,8.0
381,GHA,Ghana,Sub-Saharan Africa,Western Sub-Saharan Africa,2005,0.095,146.0,28.0
387,GIN,Guinea,Sub-Saharan Africa,Western Sub-Saharan Africa,2005,0.055,163.0,38.0
393,GMB,The Gambia,Sub-Saharan Africa,Western Sub-Saharan Africa,2005,0.114,135.5,20.0
399,GNB,Guinea-Bissau,Sub-Saharan Africa,Western Sub-Saharan Africa,2005,0.182,85.0,7.0
405,GNQ,Equatorial Guinea,Sub-Saharan Africa,Central Sub-Saharan Africa,2005,0.285,20.0,1.0
531,KEN,Kenya,Sub-Saharan Africa,Eastern Sub-Saharan Africa,2005,0.106,142.0,25.0
579,LBR,Liberia,Sub-Saharan Africa,Western Sub-Saharan Africa,2005,0.167,99.0,9.5
603,LSO,Lesotho,Sub-Saharan Africa,Southern Sub-Saharan Africa,2005,0.189,77.5,6.0
639,MDG,Madagascar,Sub-Saharan Africa,Eastern Sub-Saharan Africa,2005,0.028,182.5,46.5
669,MLI,Mali,Sub-Saharan Africa,Western Sub-Saharan Africa,2005,0.112,137.0,21.0
699,MOZ,Mozambique,Sub-Saharan Africa,Eastern Sub-Saharan Africa,2005,0.062,159.0,36.0
705,MRT,Mauritania,Sub-Saharan Africa,Western Sub-Saharan Africa,2005,0.167,99.0,9.5
711,MUS,Mauritius,Sub-Saharan Africa,Eastern Sub-Saharan Africa,2005,0.12,132.0,18.0
717,MWI,Malawi,Sub-Saharan Africa,Eastern Sub-Saharan Africa,2005,0.04,173.5,42.5
729,NAM,Namibia,Sub-Saharan Africa,Southern Sub-Saharan Africa,2005,0.132,123.0,15.0
735,NER,Niger,Sub-Saharan Africa,Western Sub-Saharan Africa,2005,0.042,172.0,41.0
741,NGA,Nigeria,Sub-Saharan Africa,Western Sub-Saharan Africa,2005,0.109,139.0,23.0
861,RWA,Rwanda,Sub-Saharan Africa,Eastern Sub-Saharan Africa,2005,0.025,184.5,48.0
879,SEN,Senegal,Sub-Saharan Africa,Western Sub-Saharan Africa,2005,0.15,108.0,12.0
897,SLE,Sierra Leone,Sub-Saharan Africa,Western Sub-Saharan Africa,2005,0.082,154.0,33.0
909,SOM,Somalia,Sub-Saharan Africa,Eastern Sub-Saharan Africa,2005,0.098,145.0,27.0
921,SSD,South Sudan,Sub-Saharan Africa,Eastern Sub-Saharan Africa,2005,0.209,56.5,5.0
927,STP,Sao Tome and Principe,Sub-Saharan Africa,Western Sub-Saharan Africa,2005,0.115,133.5,19.0
957,SWZ,Swaziland,Sub-Saharan Africa,Southern Sub-Saharan Africa,2005,0.24,38.0,3.0
963,SYC,Seychelles,Sub-Saharan Africa,Eastern Sub-Saharan Africa,2005,0.214,52.5,4.0
975,TCD,Chad,Sub-Saharan Africa,Western Sub-Saharan Africa,2005,0.043,171.0,40.0
981,TGO,Togo,Sub-Saharan Africa,Western Sub-Saharan Africa,2005,0.065,158.0,35.0
1041,TZA,Tanzania,Sub-Saharan Africa,Eastern Sub-Saharan Africa,2005,0.092,147.0,29.0
1047,UGA,Uganda,Sub-Saharan Africa,Eastern Sub-Saharan Africa,2005,0.04,173.5,42.5
1113,ZAF,South Africa,Sub-Saharan Africa,Southern Sub-Saharan Africa,2005,0.249,32.0,2.0
1119,ZMB,Zambia,Sub-Saharan Africa,Eastern Sub-Saharan Africa,2005,0.09,150.0,31.0
1125,ZWE,Zimbabwe,Sub-Saharan Africa,Southern Sub-Saharan Africa,2005,0.1,143.0,26.0
15,ALB,Albania,"Central Europe, Eastern Europe, and Central Asia",Central Europe,2005,0.09,150.0,29.0
39,ARM,Armenia,"Central Europe, Eastern Europe, and Central Asia",Central Asia,2005,0.181,87.0,19.0
63,AZE,Azerbaijan,"Central Europe, Eastern Europe, and Central Asia",Central Asia,2005,0.176,92.0,21.0
99,BGR,Bulgaria,"Central Europe, Eastern Europe, and Central Asia",Central Europe,2005,0.183,82.5,17.5
117,BIH,Bosnia and Herzegovina,"Central Europe, Eastern Europe, and Central Asia",Central Europe,2005,0.177,90.0,20.0
123,BLR,Belarus,"Central Europe, Eastern Europe, and Central Asia",Eastern Europe,2005,0.108,140.5,28.0
261,CZE,Czech Republic,"Central Europe, Eastern Europe, and Central Asia",Central Europe,2005,0.195,70.0,12.0
327,EST,Estonia,"Central Europe, Eastern Europe, and Central Asia",Eastern Europe,2005,0.216,50.0,5.0
375,GEO,Georgia,"Central Europe, Eastern Europe, and Central Asia",Central Asia,2005,0.228,44.0,3.0
441,HRV,Croatia,"Central Europe, Eastern Europe, and Central Asia",Central Europe,2005,0.19,75.5,15.0
453,HUN,Hungary,"Central Europe, Eastern Europe, and Central Asia",Central Europe,2005,0.229,43.0,2.0
525,KAZ,Kazakhstan,"Central Europe, Eastern Europe, and Central Asia",Central Asia,2005,0.196,68.0,11.0
537,KGZ,Kyrgyzstan,"Central Europe, Eastern Europe, and Central Asia",Central Asia,2005,0.146,111.0,24.0
609,LTU,Lithuania,"Central Europe, Eastern Europe, and Central Asia",Eastern Europe,2005,0.208,59.0,6.5
621,LVA,Latvia,"Central Europe, Eastern Europe, and Central Asia",Eastern Europe,2005,0.219,48.0,4.0
633,MDA,Moldova,"Central Europe, Eastern Europe, and Central Asia",Eastern Europe,2005,0.208,59.0,6.5
663,MKD,Macedonia,"Central Europe, Eastern Europe, and Central Asia",Central Europe,2005,0.187,79.0,16.0
687,MNE,Montenegro,"Central Europe, Eastern Europe, and Central Asia",Central Europe,2005,0.206,61.5,8.0
693,MNG,Mongolia,"Central Europe, Eastern Europe, and Central Asia",Central Asia,2005,0.136,119.0,25.0
813,POL,Poland,"Central Europe, Eastern Europe, and Central Asia",Central Europe,2005,0.192,73.0,13.0
849,ROU,Romania,"Central Europe, Eastern Europe, and Central Asia",Central Europe,2005,0.183,82.5,17.5
855,RUS,Russia,"Central Europe, Eastern Europe, and Central Asia",Eastern Europe,2005,0.231,41.5,1.0
915,SRB,Serbia,"Central Europe, Eastern Europe, and Central Asia",Central Europe,2005,0.169,95.5,23.0
939,SVK,Slovakia,"Central Europe, Eastern Europe, and Central Asia",Central Europe,2005,0.191,74.0,14.0
945,SVN,Slovenia,"Central Europe, Eastern Europe, and Central Asia",Central Europe,2005,0.199,65.0,9.0
993,TJK,Tajikistan,"Central Europe, Eastern Europe, and Central Asia",Central Asia,2005,0.121,131.0,27.0
999,TKM,Turkmenistan,"Central Europe, Eastern Europe, and Central Asia",Central Asia,2005,0.172,93.5,22.0
1053,UKR,Ukraine,"Central Europe, Eastern Europe, and Central Asia",Eastern Europe,2005,0.198,66.0,10.0
1071,UZB,Uzbekistan,"Central Europe, Eastern Europe, and Central Asia",Central Asia,2005,0.126,128.5,26.0
21,AND,Andorra,High-income,Western Europe,2005,0.087,152.0,30.0
33,ARG,Argentina,High-income,Southern Latin America,2005,0.214,52.5,14.0
51,AUS,Australia,High-income,Australasia,2005,0.257,29.0,4.0
57,AUT,Austria,High-income,Western Europe,2005,0.172,93.5,26.0
75,BEL,Belgium,High-income,Western Europe,2005,0.206,61.5,17.0
153,BRN,Brunei,High-income,High-income Asia Pacific,2005,0.034,179.0,33.0
177,CAN,Canada,High-income,High-income North America,2005,0.194,72.0,19.0
183,CHE,Switzerland,High-income,Western Europe,2005,0.168,97.0,27.0
189,CHL,Chile,High-income,Southern Latin America,2005,0.255,30.5,5.5
255,CYP,Cyprus,High-income,Western Europe,2005,0.232,40.0,9.0
267,DEU,Germany,High-income,Western Europe,2005,0.208,59.0,16.0
285,DNK,Denmark,High-income,Western Europe,2005,0.19,75.5,20.0
321,ESP,Spain,High-income,Western Europe,2005,0.225,45.0,11.0
339,FIN,Finland,High-income,Western Europe,2005,0.203,63.0,18.0
351,FRA,France,High-income,Western Europe,2005,0.189,77.5,21.0
369,GBR,United Kingdom,High-income,Western Europe,2005,0.223,46.0,12.0
411,GRC,Greece,High-income,Western Europe,2005,0.182,85.0,24.0
471,IRL,Ireland,High-income,Western Europe,2005,0.215,51.0,13.0
489,ISL,Iceland,High-income,Western Europe,2005,0.265,24.0,3.0
495,ISR,Israel,High-income,Western Europe,2005,0.231,41.5,10.0
501,ITA,Italy,High-income,Western Europe,2005,0.184,80.5,22.5
519,JPN,Japan,High-income,High-income Asia Pacific,2005,0.035,177.5,32.0
555,KOR,South Korea,High-income,High-income Asia Pacific,2005,0.06,160.5,31.0
615,LUX,Luxembourg,High-income,Western Europe,2005,0.243,33.0,7.0
675,MLT,Malta,High-income,Western Europe,2005,0.277,21.0,2.0
753,NLD,Netherlands,High-income,Western Europe,2005,0.114,135.5,28.0
759,NOR,Norway,High-income,Western Europe,2005,0.177,90.0,25.0
771,NZL,New Zealand,High-income,Australasia,2005,0.255,30.5,5.5
825,PRT,Portugal,High-income,Western Europe,2005,0.209,56.5,15.0
885,SGP,Singapore,High-income,High-income Asia Pacific,2005,0.099,144.0,29.0
951,SWE,Sweden,High-income,Western Europe,2005,0.184,80.5,22.5
1059,URY,Uruguay,High-income,Southern Latin America,2005,0.241,35.5,8.0
1065,USA,United States,High-income,High-income North America,2005,0.326,15.5,1.0
27,ARE,United Arab Emirates,North Africa and Middle East,North Africa and Middle East,2005,0.275,22.0,11.0
105,BHR,Bahrain,North Africa and Middle East,North Africa and Middle East,2005,0.329,13.5,7.5
297,DZA,Algeria,North Africa and Middle East,North Africa and Middle East,2005,0.161,102.0,17.0
309,EGY,Egypt,North Africa and Middle East,North Africa and Middle East,2005,0.359,10.0,5.0
477,IRN,Iran,North Africa and Middle East,North Africa and Middle East,2005,0.195,70.0,15.0
483,IRQ,Iraq,North Africa and Middle East,North Africa and Middle East,2005,0.303,18.0,9.0
513,JOR,Jordan,North Africa and Middle East,North Africa and Middle East,2005,0.36,9.0,4.0
561,KWT,Kuwait,North Africa and Middle East,North Africa and Middle East,2005,0.464,4.0,2.0
573,LBN,Lebanon,North Africa and Middle East,North Africa and Middle East,2005,0.263,25.0,12.0
585,LBY,Libya,North Africa and Middle East,North Africa and Middle East,2005,0.425,7.0,3.0
627,MAR,Morocco,North Africa and Middle East,North Africa and Middle East,2005,0.182,85.0,16.0
777,OMN,Oman,North Africa and Middle East,North Africa and Middle East,2005,0.241,35.5,14.0
837,PSE,Palestine,North Africa and Middle East,North Africa and Middle East,2005,0.329,13.5,7.5
843,QAT,Qatar,North Africa and Middle East,North Africa and Middle East,2005,0.472,3.0,1.0
867,SAU,Saudi Arabia,North Africa and Middle East,North Africa and Middle East,2005,0.345,11.0,6.0
873,SDN,Sudan,North Africa and Middle East,North Africa and Middle East,2005,0.147,110.0,18.0
969,SYR,Syria,North Africa and Middle East,North Africa and Middle East,2005,0.298,19.0,10.0
1023,TUN,Tunisia,North Africa and Middle East,North Africa and Middle East,2005,0.131,124.5,20.0
1029,TUR,Turkey,North Africa and Middle East,North Africa and Middle East,2005,0.262,26.0,13.0
1107,YEM,Yemen,North Africa and Middle East,North Africa and Middle East,2005,0.14,115.0,19.0
45,ATG,Antigua and Barbuda,Latin America and Caribbean,Caribbean,2005,0.144,113.0,24.0
111,BHS,The Bahamas,Latin America and Caribbean,Caribbean,2005,0.326,15.5,2.0
129,BLZ,Belize,Latin America and Caribbean,Caribbean,2005,0.333,12.0,1.0
135,BOL,Bolivia,Latin America and Caribbean,Andean Latin America,2005,0.169,95.5,16.0
141,BRA,Brazil,Latin America and Caribbean,Tropical Latin America,2005,0.135,120.5,26.5
147,BRB,Barbados,Latin America and Caribbean,Caribbean,2005,0.238,39.0,7.0
225,COL,Colombia,Latin America and Caribbean,Central Latin America,2005,0.154,103.5,18.5
243,CRI,Costa Rica,Latin America and Caribbean,Central Latin America,2005,0.212,54.5,10.5
249,CUB,Cuba,Latin America and Caribbean,Caribbean,2005,0.222,47.0,8.0
279,DMA,Dominica,Latin America and Caribbean,Caribbean,2005,0.241,35.5,6.0
291,DOM,Dominican Republic,Latin America and Caribbean,Caribbean,2005,0.145,112.0,23.0
303,ECU,Ecuador,Latin America and Caribbean,Andean Latin America,2005,0.128,127.0,28.0
417,GRD,Grenada,Latin America and Caribbean,Caribbean,2005,0.153,105.5,20.5
423,GTM,Guatemala,Latin America and Caribbean,Central Latin America,2005,0.135,120.5,26.5
429,GUY,Guyana,Latin America and Caribbean,Caribbean,2005,0.212,54.5,10.5
435,HND,Honduras,Latin America and Caribbean,Central Latin America,2005,0.153,105.5,20.5
447,HTI,Haiti,Latin America and Caribbean,Caribbean,2005,0.081,155.0,29.0
507,JAM,Jamaica,Latin America and Caribbean,Caribbean,2005,0.201,64.0,12.0
591,LCA,Saint Lucia,Latin America and Caribbean,Caribbean,2005,0.164,101.0,17.0
651,MEX,Mexico,Latin America and Caribbean,Central Latin America,2005,0.261,27.0,4.0
747,NIC,Nicaragua,Latin America and Caribbean,Central Latin America,2005,0.197,67.0,13.0
789,PAN,Panama,Latin America and Caribbean,Central Latin America,2005,0.137,117.0,25.0
795,PER,Peru,Latin America and Caribbean,Andean Latin America,2005,0.149,109.0,22.0
831,PRY,Paraguay,Latin America and Caribbean,Tropical Latin America,2005,0.258,28.0,5.0
903,SLV,El Salvador,Latin America and Caribbean,Central Latin America,2005,0.195,70.0,14.0
933,SUR,Suriname,Latin America and Caribbean,Caribbean,2005,0.218,49.0,9.0
1017,TTO,Trinidad and Tobago,Latin America and Caribbean,Caribbean,2005,0.268,23.0,3.0
1077,VCT,Saint Vincent and the Grenadines,Latin America and Caribbean,Caribbean,2005,0.177,90.0,15.0
1083,VEN,Venezuela,Latin America and Caribbean,Central Latin America,2005,0.154,103.5,18.5
195,CHN,China,"Southeast Asia, East Asia, and Oceania",East Asia,2005,0.035,177.5,20.0
345,FJI,Fiji,"Southeast Asia, East Asia, and Oceania",Oceania,2005,0.241,35.5,7.0
357,FSM,Federated States of Micronesia,"Southeast Asia, East Asia, and Oceania",Oceania,2005,0.431,6.0,4.0
459,IDN,Indonesia,"Southeast Asia, East Asia, and Oceania",Southeast Asia,2005,0.054,164.0,14.0
543,KHM,Cambodia,"Southeast Asia, East Asia, and Oceania",Southeast Asia,2005,0.019,187.0,22.0
549,KIR,Kiribati,"Southeast Asia, East Asia, and Oceania",Oceania,2005,0.463,5.0,3.0
567,LAO,Laos,"Southeast Asia, East Asia, and Oceania",Southeast Asia,2005,0.051,165.0,15.0
597,LKA,Sri Lanka,"Southeast Asia, East Asia, and Oceania",Southeast Asia,2005,0.049,166.0,16.0
645,MDV,Maldives,"Southeast Asia, East Asia, and Oceania",Southeast Asia,2005,0.115,133.5,10.0
657,MHL,Marshall Islands,"Southeast Asia, East Asia, and Oceania",Oceania,2005,0.399,8.0,5.0
681,MMR,Myanmar,"Southeast Asia, East Asia, and Oceania",Southeast Asia,2005,0.06,160.5,13.0
723,MYS,Malaysia,"Southeast Asia, East Asia, and Oceania",Southeast Asia,2005,0.131,124.5,9.0
801,PHL,Philippines,"Southeast Asia, East Asia, and Oceania",Southeast Asia,2005,0.046,168.5,18.5
807,PNG,Papua New Guinea,"Southeast Asia, East Asia, and Oceania",Oceania,2005,0.09,150.0,11.0
819,PRK,North Korea,"Southeast Asia, East Asia, and Oceania",East Asia,2005,0.025,184.5,21.0
891,SLB,Solomon Islands,"Southeast Asia, East Asia, and Oceania",Oceania,2005,0.305,17.0,6.0
987,THA,Thailand,"Southeast Asia, East Asia, and Oceania",Southeast Asia,2005,0.08,156.0,12.0
1005,TLS,Timor-Leste,"Southeast Asia, East Asia, and Oceania",Southeast Asia,2005,0.046,168.5,18.5
1011,TON,Tonga,"Southeast Asia, East Asia, and Oceania",Oceania,2005,0.595,1.0,1.0
1035,TWN,Taiwan,"Southeast Asia, East Asia, and Oceania",East Asia,2005,0.048,167.0,17.0
1089,VNM,Vietnam,"Southeast Asia, East Asia, and Oceania",Southeast Asia,2005,0.014,188.0,23.0
1095,VUT,Vanuatu,"Southeast Asia, East Asia, and Oceania",Oceania,2005,0.167,99.0,8.0
1101,WSM,Samoa,"Southeast Asia, East Asia, and Oceania",Oceania,2005,0.562,2.0,2.0
4,AFG,Afghanistan,South Asia,South Asia,2010,0.142,120.0,1.0
94,BGD,Bangladesh,South Asia,South Asia,2010,0.034,180.0,5.0
160,BTN,Bhutan,South Asia,South Asia,2010,0.141,121.5,2.0
466,IND,India,South Asia,South Asia,2010,0.039,176.0,4.0
766,NPL,Nepal,South Asia,South Asia,2010,0.023,186.0,6.0
784,PAK,Pakistan,South Asia,South Asia,2010,0.139,123.5,3.0
10,AGO,Angola,Sub-Saharan Africa,Central Sub-Saharan Africa,2010,0.151,116.0,13.0
70,BDI,Burundi,Sub-Saharan Africa,Eastern Sub-Saharan Africa,2010,0.03,181.0,45.0
82,BEN,Benin,Sub-Saharan Africa,Western Sub-Saharan Africa,2010,0.098,149.0,30.0
88,BFA,Burkina Faso,Sub-Saharan Africa,Western Sub-Saharan Africa,2010,0.062,162.5,37.5
166,BWA,Botswana,Sub-Saharan Africa,Southern Sub-Saharan Africa,2010,0.152,113.0,12.0
172,CAF,Central African Republic,Sub-Saharan Africa,Central Sub-Saharan Africa,2010,0.078,157.0,34.0
202,CIV,Cote d'Ivoire,Sub-Saharan Africa,Western Sub-Saharan Africa,2010,0.086,154.0,32.0
208,CMR,Cameroon,Sub-Saharan Africa,Western Sub-Saharan Africa,2010,0.141,121.5,14.0
214,COD,Democratic Republic of the Congo,Sub-Saharan Africa,Central Sub-Saharan Africa,2010,0.045,171.5,40.5
220,COG,Congo,Sub-Saharan Africa,Central Sub-Saharan Africa,2010,0.106,145.0,27.0
232,COM,Comoros,Sub-Saharan Africa,Eastern Sub-Saharan Africa,2010,0.132,129.5,17.0
238,CPV,Cape Verde,Sub-Saharan Africa,Western Sub-Saharan Africa,2010,0.113,139.0,22.0
274,DJI,Djibouti,Sub-Saharan Africa,Eastern Sub-Saharan Africa,2010,0.139,123.5,15.0
316,ERI,Eritrea,Sub-Saharan Africa,Eastern Sub-Saharan Africa,2010,0.038,177.5,44.0
334,ETH,Ethiopia,Sub-Saharan Africa,Eastern Sub-Saharan Africa,2010,0.029,182.5,46.5
364,GAB,Gabon,Sub-Saharan Africa,Central Sub-Saharan Africa,2010,0.195,78.5,8.0
382,GHA,Ghana,Sub-Saharan Africa,Western Sub-Saharan Africa,2010,0.108,143.0,25.0
388,GIN,Guinea,Sub-Saharan Africa,Western Sub-Saharan Africa,2010,0.062,162.5,37.5
394,GMB,The Gambia,Sub-Saharan Africa,Western Sub-Saharan Africa,2010,0.126,134.0,19.0
400,GNB,Guinea-Bissau,Sub-Saharan Africa,Western Sub-Saharan Africa,2010,0.2,71.5,6.0
406,GNQ,Equatorial Guinea,Sub-Saharan Africa,Central Sub-Saharan Africa,2010,0.293,20.0,1.0
532,KEN,Kenya,Sub-Saharan Africa,Eastern Sub-Saharan Africa,2010,0.108,143.0,25.0
580,LBR,Liberia,Sub-Saharan Africa,Western Sub-Saharan Africa,2010,0.182,92.0,9.0
604,LSO,Lesotho,Sub-Saharan Africa,Southern Sub-Saharan Africa,2010,0.199,73.5,7.0
640,MDG,Madagascar,Sub-Saharan Africa,Eastern Sub-Saharan Africa,2010,0.029,182.5,46.5
670,MLI,Mali,Sub-Saharan Africa,Western Sub-Saharan Africa,2010,0.125,135.0,20.0
700,MOZ,Mozambique,Sub-Saharan Africa,Eastern Sub-Saharan Africa,2010,0.065,160.0,36.0
706,MRT,Mauritania,Sub-Saharan Africa,Western Sub-Saharan Africa,2010,0.171,104.0,10.0
712,MUS,Mauritius,Sub-Saharan Africa,Eastern Sub-Saharan Africa,2010,0.127,132.5,18.0
718,MWI,Malawi,Sub-Saharan Africa,Eastern Sub-Saharan Africa,2010,0.045,171.5,40.5
730,NAM,Namibia,Sub-Saharan Africa,Southern Sub-Saharan Africa,2010,0.136,126.5,16.0
736,NER,Niger,Sub-Saharan Africa,Western Sub-Saharan Africa,2010,0.045,171.5,40.5
742,NGA,Nigeria,Sub-Saharan Africa,Western Sub-Saharan Africa,2010,0.11,140.5,23.0
862,RWA,Rwanda,Sub-Saharan Africa,Eastern Sub-Saharan Africa,2010,0.028,184.0,48.0
880,SEN,Senegal,Sub-Saharan Africa,Western Sub-Saharan Africa,2010,0.161,107.0,11.0
898,SLE,Sierra Leone,Sub-Saharan Africa,Western Sub-Saharan Africa,2010,0.085,155.5,33.0
910,SOM,Somalia,Sub-Saharan Africa,Eastern Sub-Saharan Africa,2010,0.099,147.5,29.0
922,SSD,South Sudan,Sub-Saharan Africa,Eastern Sub-Saharan Africa,2010,0.213,60.0,4.0
928,STP,Sao Tome and Principe,Sub-Saharan Africa,Western Sub-Saharan Africa,2010,0.123,136.0,21.0
958,SWZ,Swaziland,Sub-Saharan Africa,Southern Sub-Saharan Africa,2010,0.233,42.0,3.0
964,SYC,Seychelles,Sub-Saharan Africa,Eastern Sub-Saharan Africa,2010,0.208,66.5,5.0
976,TCD,Chad,Sub-Saharan Africa,Western Sub-Saharan Africa,2010,0.045,171.5,40.5
982,TGO,Togo,Sub-Saharan Africa,Western Sub-Saharan Africa,2010,0.074,158.0,35.0
1042,TZA,Tanzania,Sub-Saharan Africa,Eastern Sub-Saharan Africa,2010,0.101,146.0,28.0
1048,UGA,Uganda,Sub-Saharan Africa,Eastern Sub-Saharan Africa,2010,0.042,174.5,43.0
1114,ZAF,South Africa,Sub-Saharan Africa,Southern Sub-Saharan Africa,2010,0.277,26.0,2.0
1120,ZMB,Zambia,Sub-Saharan Africa,Eastern Sub-Saharan Africa,2010,0.095,150.0,31.0
1126,ZWE,Zimbabwe,Sub-Saharan Africa,Southern Sub-Saharan Africa,2010,0.108,143.0,25.0
16,ALB,Albania,"Central Europe, Eastern Europe, and Central Asia",Central Europe,2010,0.099,147.5,29.0
40,ARM,Armenia,"Central Europe, Eastern Europe, and Central Asia",Central Asia,2010,0.189,85.5,19.0
64,AZE,Azerbaijan,"Central Europe, Eastern Europe, and Central Asia",Central Asia,2010,0.199,73.5,12.0
100,BGR,Bulgaria,"Central Europe, Eastern Europe, and Central Asia",Central Europe,2010,0.184,89.0,20.0
118,BIH,Bosnia and Herzegovina,"Central Europe, Eastern Europe, and Central Asia",Central Europe,2010,0.179,95.0,22.0
124,BLR,Belarus,"Central Europe, Eastern Europe, and Central Asia",Eastern Europe,2010,0.115,138.0,28.0
262,CZE,Czech Republic,"Central Europe, Eastern Europe, and Central Asia",Central Europe,2010,0.195,78.5,15.0
328,EST,Estonia,"Central Europe, Eastern Europe, and Central Asia",Eastern Europe,2010,0.224,48.0,4.0
376,GEO,Georgia,"Central Europe, Eastern Europe, and Central Asia",Central Asia,2010,0.25,35.0,1.0
442,HRV,Croatia,"Central Europe, Eastern Europe, and Central Asia",Central Europe,2010,0.197,75.0,13.0
454,HUN,Hungary,"Central Europe, Eastern Europe, and Central Asia",Central Europe,2010,0.232,43.5,2.0
526,KAZ,Kazakhstan,"Central Europe, Eastern Europe, and Central Asia",Central Asia,2010,0.215,56.0,7.5
538,KGZ,Kyrgyzstan,"Central Europe, Eastern Europe, and Central Asia",Central Asia,2010,0.152,113.0,24.5
610,LTU,Lithuania,"Central Europe, Eastern Europe, and Central Asia",Eastern Europe,2010,0.215,56.0,7.5
622,LVA,Latvia,"Central Europe, Eastern Europe, and Central Asia",Eastern Europe,2010,0.221,50.0,5.0
634,MDA,Moldova,"Central Europe, Eastern Europe, and Central Asia",Eastern Europe,2010,0.213,60.0,9.0
664,MKD,Macedonia,"Central Europe, Eastern Europe, and Central Asia",Central Europe,2010,0.192,82.0,17.0
688,MNE,Montenegro,"Central Europe, Eastern Europe, and Central Asia",Central Europe,2010,0.216,54.0,6.0
694,MNG,Mongolia,"Central Europe, Eastern Europe, and Central Asia",Central Asia,2010,0.152,113.0,24.5
814,POL,Poland,"Central Europe, Eastern Europe, and Central Asia",Central Europe,2010,0.196,76.5,14.0
850,ROU,Romania,"Central Europe, Eastern Europe, and Central Asia",Central Europe,2010,0.19,84.0,18.0
856,RUS,Russia,"Central Europe, Eastern Europe, and Central Asia",Eastern Europe,2010,0.228,46.0,3.0
916,SRB,Serbia,"Central Europe, Eastern Europe, and Central Asia",Central Europe,2010,0.175,99.0,23.0
940,SVK,Slovakia,"Central Europe, Eastern Europe, and Central Asia",Central Europe,2010,0.194,80.0,16.0
946,SVN,Slovenia,"Central Europe, Eastern Europe, and Central Asia",Central Europe,2010,0.208,66.5,10.0
994,TJK,Tajikistan,"Central Europe, Eastern Europe, and Central Asia",Central Asia,2010,0.127,132.5,27.0
1000,TKM,Turkmenistan,"Central Europe, Eastern Europe, and Central Asia",Central Asia,2010,0.18,94.0,21.0
1054,UKR,Ukraine,"Central Europe, Eastern Europe, and Central Asia",Eastern Europe,2010,0.204,70.0,11.0
1072,UZB,Uzbekistan,"Central Europe, Eastern Europe, and Central Asia",Central Asia,2010,0.133,128.0,26.0
22,AND,Andorra,High-income,Western Europe,2010,0.088,153.0,30.0
34,ARG,Argentina,High-income,Southern Latin America,2010,0.208,66.5,17.5
52,AUS,Australia,High-income,Australasia,2010,0.279,25.0,4.0
58,AUT,Austria,High-income,Western Europe,2010,0.176,96.5,26.0
76,BEL,Belgium,High-income,Western Europe,2010,0.208,66.5,17.5
154,BRN,Brunei,High-income,High-income Asia Pacific,2010,0.035,179.0,33.0
178,CAN,Canada,High-income,High-income North America,2010,0.2,71.5,19.0
184,CHE,Switzerland,High-income,Western Europe,2010,0.175,99.0,27.0
190,CHL,Chile,High-income,Southern Latin America,2010,0.261,32.0,6.0
256,CYP,Cyprus,High-income,Western Europe,2010,0.237,41.0,10.0
268,DEU,Germany,High-income,Western Europe,2010,0.217,52.5,14.0
286,DNK,Denmark,High-income,Western Europe,2010,0.196,76.5,20.0
322,ESP,Spain,High-income,Western Europe,2010,0.211,62.0,16.0
340,FIN,Finland,High-income,Western Europe,2010,0.213,60.0,15.0
352,FRA,France,High-income,Western Europe,2010,0.193,81.0,21.0
370,GBR,United Kingdom,High-income,Western Europe,2010,0.244,39.0,8.0
412,GRC,Greece,High-income,Western Europe,2010,0.188,87.5,23.0
472,IRL,Ireland,High-income,Western Europe,2010,0.223,49.0,12.0
490,ISL,Iceland,High-income,Western Europe,2010,0.275,27.0,5.0
496,ISR,Israel,High-income,Western Europe,2010,0.232,43.5,11.0
502,ITA,Italy,High-income,Western Europe,2010,0.183,90.5,24.5
520,JPN,Japan,High-income,High-income Asia Pacific,2010,0.038,177.5,32.0
556,KOR,South Korea,High-income,High-income Asia Pacific,2010,0.061,164.0,31.0
616,LUX,Luxembourg,High-income,Western Europe,2010,0.248,37.0,7.0
676,MLT,Malta,High-income,Western Europe,2010,0.28,24.0,3.0
754,NLD,Netherlands,High-income,Western Europe,2010,0.131,131.0,28.0
760,NOR,Norway,High-income,Western Europe,2010,0.183,90.5,24.5
772,NZL,New Zealand,High-income,Australasia,2010,0.287,21.0,2.0
826,PRT,Portugal,High-income,Western Europe,2010,0.218,51.0,13.0
886,SGP,Singapore,High-income,High-income Asia Pacific,2010,0.11,140.5,29.0
952,SWE,Sweden,High-income,Western Europe,2010,0.189,85.5,22.0
1060,URY,Uruguay,High-income,Southern Latin America,2010,0.243,40.0,9.0
1066,USA,United States,High-income,High-income North America,2010,0.333,15.0,1.0
28,ARE,United Arab Emirates,North Africa and Middle East,North Africa and Middle East,2010,0.284,22.0,11.0
106,BHR,Bahrain,North Africa and Middle East,North Africa and Middle East,2010,0.347,14.0,8.0
298,DZA,Algeria,North Africa and Middle East,North Africa and Middle East,2010,0.173,102.0,17.0
310,EGY,Egypt,North Africa and Middle East,North Africa and Middle East,2010,0.37,10.0,4.0
478,IRN,Iran,North Africa and Middle East,North Africa and Middle East,2010,0.209,64.0,15.0
484,IRQ,Iraq,North Africa and Middle East,North Africa and Middle East,2010,0.313,17.0,9.0
514,JOR,Jordan,North Africa and Middle East,North Africa and Middle East,2010,0.36,11.0,5.0
562,KWT,Kuwait,North Africa and Middle East,North Africa and Middle East,2010,0.483,3.0,1.0
574,LBN,Lebanon,North Africa and Middle East,North Africa and Middle East,2010,0.272,28.5,12.0
586,LBY,Libya,North Africa and Middle East,North Africa and Middle East,2010,0.431,7.0,3.0
628,MAR,Morocco,North Africa and Middle East,North Africa and Middle East,2010,0.191,83.0,16.0
778,OMN,Oman,North Africa and Middle East,North Africa and Middle East,2010,0.262,31.0,14.0
838,PSE,Palestine,North Africa and Middle East,North Africa and Middle East,2010,0.353,12.0,6.0
844,QAT,Qatar,North Africa and Middle East,North Africa and Middle East,2010,0.467,5.0,2.0
868,SAU,Saudi Arabia,North Africa and Middle East,North Africa and Middle East,2010,0.352,13.0,7.0
874,SDN,Sudan,North Africa and Middle East,North Africa and Middle East,2010,0.152,113.0,18.0
970,SYR,Syria,North Africa and Middle East,North Africa and Middle East,2010,0.312,18.0,10.0
1024,TUN,Tunisia,North Africa and Middle East,North Africa and Middle East,2010,0.136,126.5,20.0
1030,TUR,Turkey,North Africa and Middle East,North Africa and Middle East,2010,0.264,30.0,13.0
1108,YEM,Yemen,North Africa and Middle East,North Africa and Middle East,2010,0.144,119.0,19.0
46,ATG,Antigua and Barbuda,Latin America and Caribbean,Caribbean,2010,0.152,113.0,25.0
112,BHS,The Bahamas,Latin America and Caribbean,Caribbean,2010,0.395,9.0,1.0
130,BLZ,Belize,Latin America and Caribbean,Caribbean,2010,0.332,16.0,2.0
136,BOL,Bolivia,Latin America and Caribbean,Andean Latin America,2010,0.176,96.5,17.0
142,BRA,Brazil,Latin America and Caribbean,Tropical Latin America,2010,0.155,109.0,23.0
148,BRB,Barbados,Latin America and Caribbean,Caribbean,2010,0.25,35.0,6.5
226,COL,Colombia,Latin America and Caribbean,Central Latin America,2010,0.181,93.0,16.0
244,CRI,Costa Rica,Latin America and Caribbean,Central Latin America,2010,0.217,52.5,10.0
250,CUB,Cuba,Latin America and Caribbean,Caribbean,2010,0.227,47.0,9.0
280,DMA,Dominica,Latin America and Caribbean,Caribbean,2010,0.25,35.0,6.5
292,DOM,Dominican Republic,Latin America and Caribbean,Caribbean,2010,0.153,110.0,24.0
304,ECU,Ecuador,Latin America and Caribbean,Andean Latin America,2010,0.132,129.5,28.0
418,GRD,Grenada,Latin America and Caribbean,Caribbean,2010,0.158,108.0,22.0
424,GTM,Guatemala,Latin America and Caribbean,Central Latin America,2010,0.146,118.0,27.0
430,GUY,Guyana,Latin America and Caribbean,Caribbean,2010,0.215,56.0,11.0
436,HND,Honduras,Latin America and Caribbean,Central Latin America,2010,0.175,99.0,18.0
448,HTI,Haiti,Latin America and Caribbean,Caribbean,2010,0.085,155.5,29.0
508,JAM,Jamaica,Latin America and Caribbean,Caribbean,2010,0.214,58.0,12.0
592,LCA,Saint Lucia,Latin America and Caribbean,Caribbean,2010,0.167,105.0,20.0
652,MEX,Mexico,Latin America and Caribbean,Central Latin America,2010,0.272,28.5,4.0
748,NIC,Nicaragua,Latin America and Caribbean,Central Latin America,2010,0.207,69.0,14.0
790,PAN,Panama,Latin America and Caribbean,Central Latin America,2010,0.147,117.0,26.0
796,PER,Peru,Latin America and Caribbean,Andean Latin America,2010,0.162,106.0,21.0
832,PRY,Paraguay,Latin America and Caribbean,Tropical Latin America,2010,0.257,33.0,5.0
904,SLV,El Salvador,Latin America and Caribbean,Central Latin America,2010,0.21,63.0,13.0
934,SUR,Suriname,Latin America and Caribbean,Caribbean,2010,0.23,45.0,8.0
1018,TTO,Trinidad and Tobago,Latin America and Caribbean,Caribbean,2010,0.283,23.0,3.0
1078,VCT,Saint Vincent and the Grenadines,Latin America and Caribbean,Caribbean,2010,0.188,87.5,15.0
1084,VEN,Venezuela,Latin America and Caribbean,Central Latin America,2010,0.174,101.0,19.0
196,CHN,China,"Southeast Asia, East Asia, and Oceania",East Asia,2010,0.042,174.5,20.0
346,FJI,Fiji,"Southeast Asia, East Asia, and Oceania",Oceania,2010,0.247,38.0,7.0
358,FSM,Federated States of Micronesia,"Southeast Asia, East Asia, and Oceania",Oceania,2010,0.444,6.0,4.0
460,IDN,Indonesia,"Southeast Asia, East Asia, and Oceania",Southeast Asia,2010,0.066,159.0,13.0
544,KHM,Cambodia,"Southeast Asia, East Asia, and Oceania",Southeast Asia,2010,0.021,187.0,22.0
550,KIR,Kiribati,"Southeast Asia, East Asia, and Oceania",Oceania,2010,0.471,4.0,3.0
568,LAO,Laos,"Southeast Asia, East Asia, and Oceania",Southeast Asia,2010,0.055,165.0,15.0
598,LKA,Sri Lanka,"Southeast Asia, East Asia, and Oceania",Southeast Asia,2010,0.051,167.0,17.0
646,MDV,Maldives,"Southeast Asia, East Asia, and Oceania",Southeast Asia,2010,0.122,137.0,10.0
658,MHL,Marshall Islands,"Southeast Asia, East Asia, and Oceania",Oceania,2010,0.404,8.0,5.0
682,MMR,Myanmar,"Southeast Asia, East Asia, and Oceania",Southeast Asia,2010,0.064,161.0,14.0
724,MYS,Malaysia,"Southeast Asia, East Asia, and Oceania",Southeast Asia,2010,0.138,125.0,9.0
802,PHL,Philippines,"Southeast Asia, East Asia, and Oceania",Southeast Asia,2010,0.05,168.0,18.0
808,PNG,Papua New Guinea,"Southeast Asia, East Asia, and Oceania",Oceania,2010,0.094,151.0,11.0
820,PRK,North Korea,"Southeast Asia, East Asia, and Oceania",East Asia,2010,0.025,185.0,21.0
892,SLB,Solomon Islands,"Southeast Asia, East Asia, and Oceania",Oceania,2010,0.311,19.0,6.0
988,THA,Thailand,"Southeast Asia, East Asia, and Oceania",Southeast Asia,2010,0.089,152.0,12.0
1006,TLS,Timor-Leste,"Southeast Asia, East Asia, and Oceania",Southeast Asia,2010,0.047,169.0,19.0
1012,TON,Tonga,"Southeast Asia, East Asia, and Oceania",Oceania,2010,0.598,1.0,1.0
1036,TWN,Taiwan,"Southeast Asia, East Asia, and Oceania",East Asia,2010,0.052,166.0,16.0
1090,VNM,Vietnam,"Southeast Asia, East Asia, and Oceania",Southeast Asia,2010,0.015,188.0,23.0
1096,VUT,Vanuatu,"Southeast Asia, East Asia, and Oceania",Oceania,2010,0.172,103.0,8.0
1102,WSM,Samoa,"Southeast Asia, East Asia, and Oceania",Oceania,2010,0.57,2.0,2.0
5,AFG,Afghanistan,South Asia,South Asia,2013,0.144,122.0,1.0
95,BGD,Bangladesh,South Asia,South Asia,2013,0.036,179.0,5.0
161,BTN,Bhutan,South Asia,South Asia,2013,0.143,124.0,2.5
467,IND,India,South Asia,South Asia,2013,0.039,177.0,4.0
767,NPL,Nepal,South Asia,South Asia,2013,0.024,186.0,6.0
785,PAK,Pakistan,South Asia,South Asia,2013,0.143,124.0,2.5
11,AGO,Angola,Sub-Saharan Africa,Central Sub-Saharan Africa,2013,0.156,112.5,12.0
71,BDI,Burundi,Sub-Saharan Africa,Eastern Sub-Saharan Africa,2013,0.031,181.0,45.0
83,BEN,Benin,Sub-Saharan Africa,Western Sub-Saharan Africa,2013,0.101,148.0,29.0
89,BFA,Burkina Faso,Sub-Saharan Africa,Western Sub-Saharan Africa,2013,0.063,163.5,37.5
167,BWA,Botswana,Sub-Saharan Africa,Southern Sub-Saharan Africa,2013,0.153,116.0,13.0
173,CAF,Central African Republic,Sub-Saharan Africa,Central Sub-Saharan Africa,2013,0.08,157.0,34.0
203,CIV,Cote d'Ivoire,Sub-Saharan Africa,Western Sub-Saharan Africa,2013,0.087,155.5,32.5
209,CMR,Cameroon,Sub-Saharan Africa,Western Sub-Saharan Africa,2013,0.145,120.5,14.5
215,COD,Democratic Republic of the Congo,Sub-Saharan Africa,Central Sub-Saharan Africa,2013,0.046,171.5,40.5
221,COG,Congo,Sub-Saharan Africa,Central Sub-Saharan Africa,2013,0.105,145.0,27.0
233,COM,Comoros,Sub-Saharan Africa,Eastern Sub-Saharan Africa,2013,0.133,131.5,17.5
239,CPV,Cape Verde,Sub-Saharan Africa,Western Sub-Saharan Africa,2013,0.115,139.0,22.0
275,DJI,Djibouti,Sub-Saharan Africa,Eastern Sub-Saharan Africa,2013,0.145,120.5,14.5
317,ERI,Eritrea,Sub-Saharan Africa,Eastern Sub-Saharan Africa,2013,0.039,177.0,44.0
335,ETH,Ethiopia,Sub-Saharan Africa,Eastern Sub-Saharan Africa,2013,0.029,184.0,48.0
365,GAB,Gabon,Sub-Saharan Africa,Central Sub-Saharan Africa,2013,0.198,77.0,8.0
383,GHA,Ghana,Sub-Saharan Africa,Western Sub-Saharan Africa,2013,0.112,141.5,23.5
389,GIN,Guinea,Sub-Saharan Africa,Western Sub-Saharan Africa,2013,0.063,163.5,37.5
395,GMB,The Gambia,Sub-Saharan Africa,Western Sub-Saharan Africa,2013,0.133,131.5,17.5
401,GNB,Guinea-Bissau,Sub-Saharan Africa,Western Sub-Saharan Africa,2013,0.206,71.0,6.0
407,GNQ,Equatorial Guinea,Sub-Saharan Africa,Central Sub-Saharan Africa,2013,0.298,20.0,1.0
533,KEN,Kenya,Sub-Saharan Africa,Eastern Sub-Saharan Africa,2013,0.11,144.0,26.0
581,LBR,Liberia,Sub-Saharan Africa,Western Sub-Saharan Africa,2013,0.187,90.0,9.0
605,LSO,Lesotho,Sub-Saharan Africa,Southern Sub-Saharan Africa,2013,0.204,73.5,7.0
641,MDG,Madagascar,Sub-Saharan Africa,Eastern Sub-Saharan Africa,2013,0.03,182.5,46.5
671,MLI,Mali,Sub-Saharan Africa,Western Sub-Saharan Africa,2013,0.132,133.5,19.0
701,MOZ,Mozambique,Sub-Saharan Africa,Eastern Sub-Saharan Africa,2013,0.066,160.0,36.0
707,MRT,Mauritania,Sub-Saharan Africa,Western Sub-Saharan Africa,2013,0.174,104.0,10.0
713,MUS,Mauritius,Sub-Saharan Africa,Eastern Sub-Saharan Africa,2013,0.131,135.0,20.0
719,MWI,Malawi,Sub-Saharan Africa,Eastern Sub-Saharan Africa,2013,0.047,170.0,39.0
731,NAM,Namibia,Sub-Saharan Africa,Southern Sub-Saharan Africa,2013,0.136,129.0,16.0
737,NER,Niger,Sub-Saharan Africa,Western Sub-Saharan Africa,2013,0.046,171.5,40.5
743,NGA,Nigeria,Sub-Saharan Africa,Western Sub-Saharan Africa,2013,0.111,143.0,25.0
863,RWA,Rwanda,Sub-Saharan Africa,Eastern Sub-Saharan Africa,2013,0.03,182.5,46.5
881,SEN,Senegal,Sub-Saharan Africa,Western Sub-Saharan Africa,2013,0.163,108.0,11.0
899,SLE,Sierra Leone,Sub-Saharan Africa,Western Sub-Saharan Africa,2013,0.087,155.5,32.5
911,SOM,Somalia,Sub-Saharan Africa,Eastern Sub-Saharan Africa,2013,0.1,149.0,30.0
923,SSD,South Sudan,Sub-Saharan Africa,Eastern Sub-Saharan Africa,2013,0.216,59.5,4.0
929,STP,Sao Tome and Principe,Sub-Saharan Africa,Western Sub-Saharan Africa,2013,0.127,136.0,21.0
959,SWZ,Swaziland,Sub-Saharan Africa,Southern Sub-Saharan Africa,2013,0.231,45.0,3.0
965,SYC,Seychelles,Sub-Saharan Africa,Eastern Sub-Saharan Africa,2013,0.207,69.5,5.0
977,TCD,Chad,Sub-Saharan Africa,Western Sub-Saharan Africa,2013,0.045,173.0,42.0
983,TGO,Togo,Sub-Saharan Africa,Western Sub-Saharan Africa,2013,0.075,158.0,35.0
1043,TZA,Tanzania,Sub-Saharan Africa,Eastern Sub-Saharan Africa,2013,0.104,146.0,28.0
1049,UGA,Uganda,Sub-Saharan Africa,Eastern Sub-Saharan Africa,2013,0.043,175.0,43.0
1115,ZAF,South Africa,Sub-Saharan Africa,Southern Sub-Saharan Africa,2013,0.288,23.5,2.0
1121,ZMB,Zambia,Sub-Saharan Africa,Eastern Sub-Saharan Africa,2013,0.096,151.0,31.0
1127,ZWE,Zimbabwe,Sub-Saharan Africa,Southern Sub-Saharan Africa,2013,0.112,141.5,23.5
17,ALB,Albania,"Central Europe, Eastern Europe, and Central Asia",Central Europe,2013,0.102,147.0,29.0
41,ARM,Armenia,"Central Europe, Eastern Europe, and Central Asia",Central Asia,2013,0.193,87.5,19.0
65,AZE,Azerbaijan,"Central Europe, Eastern Europe, and Central Asia",Central Asia,2013,0.204,73.5,12.0
101,BGR,Bulgaria,"Central Europe, Eastern Europe, and Central Asia",Central Europe,2013,0.186,91.5,20.0
119,BIH,Bosnia and Herzegovina,"Central Europe, Eastern Europe, and Central Asia",Central Europe,2013,0.181,96.5,22.0
125,BLR,Belarus,"Central Europe, Eastern Europe, and Central Asia",Eastern Europe,2013,0.118,138.0,28.0
263,CZE,Czech Republic,"Central Europe, Eastern Europe, and Central Asia",Central Europe,2013,0.194,84.0,17.0
329,EST,Estonia,"Central Europe, Eastern Europe, and Central Asia",Eastern Europe,2013,0.228,47.5,3.5
377,GEO,Georgia,"Central Europe, Eastern Europe, and Central Asia",Central Asia,2013,0.251,37.0,1.0
443,HRV,Croatia,"Central Europe, Eastern Europe, and Central Asia",Central Europe,2013,0.199,75.0,13.0
455,HUN,Hungary,"Central Europe, Eastern Europe, and Central Asia",Central Europe,2013,0.234,42.5,2.0
527,KAZ,Kazakhstan,"Central Europe, Eastern Europe, and Central Asia",Central Asia,2013,0.222,51.5,5.0
539,KGZ,Kyrgyzstan,"Central Europe, Eastern Europe, and Central Asia",Central Asia,2013,0.155,114.0,24.0
611,LTU,Lithuania,"Central Europe, Eastern Europe, and Central Asia",Eastern Europe,2013,0.218,56.0,8.0
623,LVA,Latvia,"Central Europe, Eastern Europe, and Central Asia",Eastern Europe,2013,0.221,53.0,6.0
635,MDA,Moldova,"Central Europe, Eastern Europe, and Central Asia",Eastern Europe,2013,0.216,59.5,9.0
665,MKD,Macedonia,"Central Europe, Eastern Europe, and Central Asia",Central Europe,2013,0.194,84.0,17.0
689,MNE,Montenegro,"Central Europe, Eastern Europe, and Central Asia",Central Europe,2013,0.219,55.0,7.0
695,MNG,Mongolia,"Central Europe, Eastern Europe, and Central Asia",Central Asia,2013,0.154,115.0,25.0
815,POL,Poland,"Central Europe, Eastern Europe, and Central Asia",Central Europe,2013,0.198,77.0,14.0
851,ROU,Romania,"Central Europe, Eastern Europe, and Central Asia",Central Europe,2013,0.194,84.0,17.0
857,RUS,Russia,"Central Europe, Eastern Europe, and Central Asia",Eastern Europe,2013,0.228,47.5,3.5
917,SRB,Serbia,"Central Europe, Eastern Europe, and Central Asia",Central Europe,2013,0.178,100.0,23.0
941,SVK,Slovakia,"Central Europe, Eastern Europe, and Central Asia",Central Europe,2013,0.197,79.0,15.0
947,SVN,Slovenia,"Central Europe, Eastern Europe, and Central Asia",Central Europe,2013,0.212,64.5,10.0
995,TJK,Tajikistan,"Central Europe, Eastern Europe, and Central Asia",Central Asia,2013,0.132,133.5,27.0
1001,TKM,Turkmenistan,"Central Europe, Eastern Europe, and Central Asia",Central Asia,2013,0.184,93.0,21.0
1055,UKR,Ukraine,"Central Europe, Eastern Europe, and Central Asia",Eastern Europe,2013,0.205,72.0,11.0
1073,UZB,Uzbekistan,"Central Europe, Eastern Europe, and Central Asia",Central Asia,2013,0.137,128.0,26.0
23,AND,Andorra,High-income,Western Europe,2013,0.089,152.5,30.0
35,ARG,Argentina,High-income,Southern Latin America,2013,0.208,68.0,18.0
53,AUS,Australia,High-income,Australasia,2013,0.287,25.0,3.0
59,AUT,Austria,High-income,Western Europe,2013,0.18,98.5,26.0
77,BEL,Belgium,High-income,Western Europe,2013,0.209,67.0,17.0
155,BRN,Brunei,High-income,High-income Asia Pacific,2013,0.035,180.0,33.0
179,CAN,Canada,High-income,High-income North America,2013,0.212,64.5,16.0
185,CHE,Switzerland,High-income,Western Europe,2013,0.177,102.0,27.0
191,CHL,Chile,High-income,Southern Latin America,2013,0.263,32.0,6.0
257,CYP,Cyprus,High-income,Western Europe,2013,0.241,41.0,10.0
269,DEU,Germany,High-income,Western Europe,2013,0.222,51.5,14.0
287,DNK,Denmark,High-income,Western Europe,2013,0.198,77.0,20.0
323,ESP,Spain,High-income,Western Europe,2013,0.207,69.5,19.0
341,FIN,Finland,High-income,Western Europe,2013,0.217,57.0,15.0
353,FRA,France,High-income,Western Europe,2013,0.195,81.0,21.0
371,GBR,United Kingdom,High-income,Western Europe,2013,0.25,38.0,7.0
413,GRC,Greece,High-income,Western Europe,2013,0.194,84.0,22.5
473,IRL,Ireland,High-income,Western Europe,2013,0.227,49.0,12.0
491,ISL,Iceland,High-income,Western Europe,2013,0.279,27.0,5.0
497,ISR,Israel,High-income,Western Europe,2013,0.232,44.0,11.0
503,ITA,Italy,High-income,Western Europe,2013,0.182,95.0,25.0
521,JPN,Japan,High-income,High-income Asia Pacific,2013,0.039,177.0,32.0
557,KOR,South Korea,High-income,High-income Asia Pacific,2013,0.064,162.0,31.0
617,LUX,Luxembourg,High-income,Western Europe,2013,0.249,39.0,8.0
677,MLT,Malta,High-income,Western Europe,2013,0.283,26.0,4.0
755,NLD,Netherlands,High-income,Western Europe,2013,0.143,124.0,28.0
761,NOR,Norway,High-income,Western Europe,2013,0.186,91.5,24.0
773,NZL,New Zealand,High-income,Australasia,2013,0.29,21.5,2.0
827,PRT,Portugal,High-income,Western Europe,2013,0.223,50.0,13.0
887,SGP,Singapore,High-income,High-income Asia Pacific,2013,0.114,140.0,29.0
953,SWE,Sweden,High-income,Western Europe,2013,0.194,84.0,22.5
1061,URY,Uruguay,High-income,Southern Latin America,2013,0.245,40.0,9.0
1067,USA,United States,High-income,High-income North America,2013,0.328,16.0,1.0
29,ARE,United Arab Emirates,North Africa and Middle East,North Africa and Middle East,2013,0.29,21.5,11.0
107,BHR,Bahrain,North Africa and Middle East,North Africa and Middle East,2013,0.357,14.0,8.0
299,DZA,Algeria,North Africa and Middle East,North Africa and Middle East,2013,0.18,98.5,17.0
311,EGY,Egypt,North Africa and Middle East,North Africa and Middle East,2013,0.377,10.0,4.0
479,IRN,Iran,North Africa and Middle East,North Africa and Middle East,2013,0.215,62.0,15.0
485,IRQ,Iraq,North Africa and Middle East,North Africa and Middle East,2013,0.319,18.0,10.0
515,JOR,Jordan,North Africa and Middle East,North Africa and Middle East,2013,0.365,11.0,5.0
563,KWT,Kuwait,North Africa and Middle East,North Africa and Middle East,2013,0.491,3.0,1.0
575,LBN,Lebanon,North Africa and Middle East,North Africa and Middle East,2013,0.277,28.0,12.0
587,LBY,Libya,North Africa and Middle East,North Africa and Middle East,2013,0.439,7.0,3.0
629,MAR,Morocco,North Africa and Middle East,North Africa and Middle East,2013,0.196,80.0,16.0
779,OMN,Oman,North Africa and Middle East,North Africa and Middle East,2013,0.267,31.0,14.0
839,PSE,Palestine,North Africa and Middle East,North Africa and Middle East,2013,0.362,12.0,6.0
845,QAT,Qatar,North Africa and Middle East,North Africa and Middle East,2013,0.472,5.0,2.0
869,SAU,Saudi Arabia,North Africa and Middle East,North Africa and Middle East,2013,0.358,13.0,7.0
875,SDN,Sudan,North Africa and Middle East,North Africa and Middle East,2013,0.156,112.5,18.0
971,SYR,Syria,North Africa and Middle East,North Africa and Middle East,2013,0.32,17.0,9.0
1025,TUN,Tunisia,North Africa and Middle East,North Africa and Middle East,2013,0.14,127.0,20.0
1031,TUR,Turkey,North Africa and Middle East,North Africa and Middle East,2013,0.276,29.0,13.0
1109,YEM,Yemen,North Africa and Middle East,North Africa and Middle East,2013,0.147,118.0,19.0
47,ATG,Antigua and Barbuda,Latin America and Caribbean,Caribbean,2013,0.157,110.5,24.5
113,BHS,The Bahamas,Latin America and Caribbean,Caribbean,2013,0.398,9.0,1.0
131,BLZ,Belize,Latin America and Caribbean,Caribbean,2013,0.33,15.0,2.0
137,BOL,Bolivia,Latin America and Caribbean,Andean Latin America,2013,0.177,102.0,19.0
143,BRA,Brazil,Latin America and Caribbean,Tropical Latin America,2013,0.164,107.0,22.0
149,BRB,Barbados,Latin America and Caribbean,Caribbean,2013,0.257,34.0,6.0
227,COL,Colombia,Latin America and Caribbean,Central Latin America,2013,0.189,89.0,16.0
245,CRI,Costa Rica,Latin America and Caribbean,Central Latin America,2013,0.22,54.0,10.0
251,CUB,Cuba,Latin America and Caribbean,Caribbean,2013,0.229,46.0,9.0
281,DMA,Dominica,Latin America and Caribbean,Caribbean,2013,0.255,35.0,7.0
293,DOM,Dominican Republic,Latin America and Caribbean,Caribbean,2013,0.157,110.5,24.5
305,ECU,Ecuador,Latin America and Caribbean,Andean Latin America,2013,0.134,130.0,28.0
419,GRD,Grenada,Latin America and Caribbean,Caribbean,2013,0.161,109.0,23.0
425,GTM,Guatemala,Latin America and Caribbean,Central Latin America,2013,0.146,119.0,27.0
431,GUY,Guyana,Latin America and Caribbean,Caribbean,2013,0.216,59.5,11.5
437,HND,Honduras,Latin America and Caribbean,Central Latin America,2013,0.181,96.5,18.0
449,HTI,Haiti,Latin America and Caribbean,Caribbean,2013,0.088,154.0,29.0
509,JAM,Jamaica,Latin America and Caribbean,Caribbean,2013,0.216,59.5,11.5
593,LCA,Saint Lucia,Latin America and Caribbean,Caribbean,2013,0.169,106.0,21.0
653,MEX,Mexico,Latin America and Caribbean,Central Latin America,2013,0.272,30.0,4.0
749,NIC,Nicaragua,Latin America and Caribbean,Central Latin America,2013,0.21,66.0,14.0
791,PAN,Panama,Latin America and Caribbean,Central Latin America,2013,0.152,117.0,26.0
797,PER,Peru,Latin America and Caribbean,Andean Latin America,2013,0.17,105.0,20.0
833,PRY,Paraguay,Latin America and Caribbean,Tropical Latin America,2013,0.259,33.0,5.0
905,SLV,El Salvador,Latin America and Caribbean,Central Latin America,2013,0.213,63.0,13.0
935,SUR,Suriname,Latin America and Caribbean,Caribbean,2013,0.234,42.5,8.0
1019,TTO,Trinidad and Tobago,Latin America and Caribbean,Caribbean,2013,0.288,23.5,3.0
1079,VCT,Saint Vincent and the Grenadines,Latin America and Caribbean,Caribbean,2013,0.193,87.5,15.0
1085,VEN,Venezuela,Latin America and Caribbean,Central Latin America,2013,0.183,94.0,17.0
197,CHN,China,"Southeast Asia, East Asia, and Oceania",East Asia,2013,0.044,174.0,20.0
347,FJI,Fiji,"Southeast Asia, East Asia, and Oceania",Oceania,2013,0.252,36.0,7.0
359,FSM,Federated States of Micronesia,"Southeast Asia, East Asia, and Oceania",Oceania,2013,0.447,6.0,4.0
461,IDN,Indonesia,"Southeast Asia, East Asia, and Oceania",Southeast Asia,2013,0.069,159.0,13.0
545,KHM,Cambodia,"Southeast Asia, East Asia, and Oceania",Southeast Asia,2013,0.021,187.0,22.0
551,KIR,Kiribati,"Southeast Asia, East Asia, and Oceania",Oceania,2013,0.477,4.0,3.0
569,LAO,Laos,"Southeast Asia, East Asia, and Oceania",Southeast Asia,2013,0.056,165.0,15.0
599,LKA,Sri Lanka,"Southeast Asia, East Asia, and Oceania",Southeast Asia,2013,0.052,167.5,17.5
647,MDV,Maldives,"Southeast Asia, East Asia, and Oceania",Southeast Asia,2013,0.125,137.0,10.0
659,MHL,Marshall Islands,"Southeast Asia, East Asia, and Oceania",Oceania,2013,0.407,8.0,5.0
683,MMR,Myanmar,"Southeast Asia, East Asia, and Oceania",Southeast Asia,2013,0.065,161.0,14.0
725,MYS,Malaysia,"Southeast Asia, East Asia, and Oceania",Southeast Asia,2013,0.142,126.0,9.0
803,PHL,Philippines,"Southeast Asia, East Asia, and Oceania",Southeast Asia,2013,0.052,167.5,17.5
809,PNG,Papua New Guinea,"Southeast Asia, East Asia, and Oceania",Oceania,2013,0.098,150.0,11.0
821,PRK,North Korea,"Southeast Asia, East Asia, and Oceania",East Asia,2013,0.025,185.0,21.0
893,SLB,Solomon Islands,"Southeast Asia, East Asia, and Oceania",Oceania,2013,0.316,19.0,6.0
989,THA,Thailand,"Southeast Asia, East Asia, and Oceania",Southeast Asia,2013,0.089,152.5,12.0
1007,TLS,Timor-Leste,"Southeast Asia, East Asia, and Oceania",Southeast Asia,2013,0.048,169.0,19.0
1013,TON,Tonga,"Southeast Asia, East Asia, and Oceania",Oceania,2013,0.601,1.0,1.0
1037,TWN,Taiwan,"Southeast Asia, East Asia, and Oceania",East Asia,2013,0.053,166.0,16.0
1091,VNM,Vietnam,"Southeast Asia, East Asia, and Oceania",Southeast Asia,2013,0.016,188.0,23.0
1097,VUT,Vanuatu,"Southeast Asia, East Asia, and Oceania",Oceania,2013,0.177,102.0,8.0
1103,WSM,Samoa,"Southeast Asia, East Asia, and Oceania",Oceania,2013,0.576,2.0,2.0
